director_name,director_avg_score,director_movie_count
james cameron,7.074362964403813,9.0
gore verbinski,6.770090125137782,7.0
sam mendes,7.141621653973337,8.0
christopher nolan,7.708817593853336,11.0
j.j abrams,6.673513583608897,1.0
andrew stanton,6.982342389072597,4.0
sam raimi,6.849475382450199,12.0
nathan greno,6.690180250275563,1.0
joss whedon,6.992635187706672,3.0
david yates,6.664108150165338,5.0
zack snyder,6.861756791804448,7.0
bryan singer,6.972390884742567,8.0
marc forster,6.887775500127182,8.0
andrew adamson,6.774108150165338,5.0
rob marshall,6.549189227423034,6.0
barry sonnenfeld,6.461756791804448,7.0
peter jackson,7.38150582154667,9.0
marc webb,6.717635187706672,3.0
ridley scott,6.973384833412065,16.0
chris weitz,6.274108150165338,5.0
anthony russo,7.012825591059397,6.0
peter berg,6.576461954695762,6.0
colin trevorrow,6.620154500236197,2.0
shane black,6.734440214521911,2.0
tim burton,6.896899026402809,14.0
brett ratner,6.460077250118098,9.0
dan scanlon,6.720154500236197,2.0
michael bay,6.496726750091854,13.0
joseph kosinski,6.949009055739264,4.0
john lasseter,6.924108150165338,5.0
martin campbell,6.518544730896414,8.0
lee unkrich,7.005868785950483,2.0
mcg,6.258280136513943,6.0
james wan,6.795791535832384,9.0
j.j. abrams,6.90456461129482,4.0
baz luhrmann,6.737897944628153,4.0
mike newell,6.686756791804449,7.0
guillermo del toro,6.865067593853336,11.0
steven spielberg,7.340554776359299,33.0
peter sohn,6.523513583608896,1.0
mark andrews,6.590180250275563,1.0
justin lin,6.521916500150308,6.0
roland emmerich,6.295467807819491,8.0
robert zemeckis,7.074504527869632,13.0
lana wachowski,6.712825591059398,6.0
pete docter,7.324108150165339,5.0
rob letterman,6.267635187706672,3.0
jon favreau,6.767371045604852,6.0
martin scorsese,7.368855338283923,29.0
rob cohen,5.895791535832385,9.0
david ayer,6.731007409241216,6.0
tom shadyac,6.378423458471115,7.0
doug liman,6.853423458471116,7.0
kevin reynolds,6.574108150165339,5.0
stephen sommers,6.293453500183708,4.0
rupert sanders,6.4068469169422295,1.0
robert stromberg,6.55684691694223,1.0
matt reeves,6.7491892274230345,6.0
roland joffé,5.980135187706672,3.0
carl rinsch,6.440180250275563,1.0
mike mitchell,6.115675722405931,4.0
brad bird,7.076461954695762,6.0
don hall,6.706846916942229,1.0
rich moore,6.690180250275563,1.0
dean deblois,6.955135187706672,3.0
jonathan mostow,6.50456461129482,4.0
james gunn,6.949189227423034,6.0
hideaki anno,6.75684691694223,1.0
david fincher,7.322738766776892,10.0
matthew vaughn,6.885552863786671,6.0
francis lawrence,6.734108150165338,5.0
jon turteltaub,6.486756791804448,7.0
wolfgang petersen,6.6950901251377815,7.0
james bobin,6.530135187706672,3.0
chris miller,6.448725928807625,2.0
duncan jones,6.8801351877066725,3.0
alan taylor,6.577297357379054,2.0
michael apted,6.49464377287758,6.0
oliver stone,6.8232148158764945,14.0
eric darnell,6.614108150165338,5.0
shawn levy,6.208817593853336,11.0
gavin hood,6.649009055739264,4.0
chris buck,6.677297357379054,2.0
george miller,6.724362964403812,9.0
ron howard,6.8022823056474095,13.0
kenneth branagh,6.836756791804448,7.0
byron howard,6.540180250275562,1.0
hoyt yeatman,6.2401802502755634,1.0
jonathan liebesman,6.064108150165337,5.0
christopher mcquarrie,6.894108150165337,5.0
joe johnston,6.40456461129482,4.0
steve hickner,6.423513583608897,1.0
jennifer yuh nelson,6.606846916942229,1.0
m. night shyamalan,6.1957915358323845,9.0
simon wells,6.234440214521911,2.0
david bowers,6.482342389072597,4.0
joe wright,6.770090125137782,7.0
rob minkoff,6.204108150165338,5.0
lee tamahori,6.304108150165338,5.0
paul feig,6.260120166850375,4.0
alessandro carloni,6.590180250275563,1.0
peter ramsey,6.86301164309334,2.0
dean parisot,6.382342389072598,4.0
edward zwick,6.920090125137782,7.0
alex proyas,6.644108150165337,5.0
richard donner,6.665067593853336,11.0
ang lee,6.949313961665644,8.0
jon m. chu,6.128423458471115,7.0
breck eisner,6.355135187706672,3.0
hironobu sakaguchi,6.456846916942229,1.0
peter weir,7.026786833517042,4.0
bill condon,6.567371045604853,6.0
louis leterrier,6.576461954695762,6.0
,6.468216300330676,
alejandro g. iñárritu,7.185552863786671,6.0
david soren,6.473513583608896,1.0
paul greengrass,7.095467807819491,8.0
mark osborne,6.820154500236197,2.0
peyton reed,6.485552863786671,6.0
tim johnson,6.548725928807626,2.0
phillip noyce,6.660077250118099,9.0
darren aronofsky,7.021916500150308,6.0
alfonso cuarón,7.060120166850376,4.0
eric leighton,6.473513583608896,1.0
matt birch,6.6058687859504825,2.0
tom mcgrath,6.606846916942229,1.0
chris columbus,6.596317593853336,11.0
robert schwentke,6.403734681968488,6.0
carlos saldanha,6.626786833517041,4.0
guy ritchie,6.845090125137781,7.0
paul verhoeven,6.514108150165337,5.0
john mctiernan,6.576072100110225,10.0
tony gilroy,6.5676351877066725,3.0
joel schumacher,6.424504527869632,13.0
john woo,6.49464377287758,6.0
tim story,6.240098318332125,6.0
mark steven johnson,6.348725928807625,2.0
neill blomkamp,6.730135187706672,3.0
david twohy,6.560120166850376,4.0
josé padilha,6.6630116430933395,2.0
james l. brooks,6.480135187706672,3.0
james mangold,7.0094054334435585,10.0
george lucas,6.934108150165338,5.0
kirk de micco,6.305868785950482,2.0
frédéric forestier,6.2401802502755634,1.0
cedric nicolas-troyan,6.4068469169422295,1.0
roger donaldson,6.645090125137782,7.0
dave green,6.348725928807625,2.0
josh trank,6.248725928807625,2.0
brad peyton,6.0676351877066725,3.0
roger spottiswoode,6.393453500183709,4.0
steven soderbergh,6.644813404840637,16.0
michel gondry,6.671231277961486,4.0
noam murro,6.423513583608897,1.0
raja gosnell,5.621916500150307,6.0
will finn,6.191583071664768,2.0
jan de bont,5.994108150165338,5.0
len wiseman,6.667635187706672,3.0
frank coraci,6.145090125137782,7.0
michael mann,6.803734681968489,6.0
bo welch,6.023513583608896,1.0
ron clements,6.8176351877066725,3.0
christopher barnard,6.590180250275563,1.0
peter chelsom,6.124108150165338,5.0
dominic sena,6.355135187706672,3.0
tony scott,6.69653420597961,12.0
paul weitz,6.221916500150306,6.0
adam mckay,6.787775500127183,8.0
chuck russell,6.158280136513944,6.0
quentin tarantino,7.573004794214905,12.0
gary trousdale,6.577297357379054,2.0
mark dindal,6.542635187706672,3.0
simon west,6.195467807819491,8.0
stefen fangmeier,6.2401802502755634,1.0
spike jonze,6.960120166850375,4.0
chris wedge,6.617635187706672,3.0
florian henckel von donnersmarck,6.691583071664768,2.0
peter hyams,5.931007409241217,6.0
tom tykwer,6.844108150165337,5.0
pitof,5.940180250275563,1.0
brad silberling,6.3490090557392636,4.0
patrick hughes,6.4068469169422295,1.0
ericson core,6.273513583608896,1.0
lawrence guterman,5.677297357379054,2.0
ron underwood,6.105135187706672,3.0
steve martino,6.591583071664767,2.0
david mamet,6.634440214521911,2.0
yimou zhang,6.858280136513943,6.0
ash brannon,6.523513583608896,1.0
frank oz,6.436756791804449,7.0
jay roach,6.480083192434876,8.0
luc besson,6.531007409241216,6.0
michael patrick king,6.106846916942229,1.0
bibo bergeron,6.5051351877066725,3.0
sergey bodrov,6.392635187706672,3.0
wally pfister,6.440180250275563,1.0
rupert wyatt,6.56301164309334,2.0
mark waters,6.3764619546957615,6.0
john moore,6.171231277961486,4.0
john lee hancock,6.726786833517043,4.0
renny harlin,5.927054075082669,15.0
phil lord,6.826786833517042,4.0
ben stiller,6.404108150165338,5.0
tony bancroft,6.640180250275563,1.0
timur bekmambetov,6.393453500183709,4.0
walt becker,6.115675722405931,4.0
dennis dugan,5.9957915358323834,9.0
sydney pollack,6.524108150165338,5.0
thor freudenthal,6.230135187706672,3.0
brian de palma,6.620063617744316,12.0
mick jackson,6.26301164309334,2.0
alan j. pakula,6.420154500236197,2.0
kathryn bigelow,6.7551351877066725,3.0
john milius,6.417635187706672,3.0
andrey konchalovskiy,6.148725928807626,2.0
gary ross,6.660120166850375,4.0
paul w.s. anderson,6.149405433443559,10.0
genndy tartakovsky,6.591583071664767,2.0
kevin lima,6.320154500236197,2.0
daniel espinosa,6.530135187706672,3.0
nancy meyers,6.614108150165338,5.0
roger allers,6.720154500236197,2.0
neil burger,6.6934535001837085,4.0
jean-jacques annaud,6.826786833517042,4.0
sarah smith,6.5735135836088965,1.0
martin brest,6.304564611294819,4.0
andrew davis,6.482342389072597,4.0
bob fosse,6.734440214521911,2.0
tarsem singh,6.315675722405931,4.0
edgar wright,7.036756791804447,7.0
jon amiel,6.3490090557392636,4.0
peter segal,6.303423458471115,7.0
pete travis,6.577297357379054,2.0
george a. romero,6.485552863786671,6.0
sylvester stallone,6.577297357379054,2.0
todd phillips,6.718544730896413,8.0
gary winick,6.304108150165338,5.0
mimi leder,6.4426351877066725,3.0
seth gordon,6.226786833517043,4.0
adam shankman,6.157006269357952,8.0
d.j. caruso,6.571231277961486,4.0
anthony minghella,6.780135187706672,3.0
albert hughes,6.6926351877066725,3.0
les mayfield,5.984108150165338,5.0
joe pytka,6.440180250275563,1.0
scott derrickson,6.504108150165338,5.0
ivan reitman,6.226237038588721,8.0
eric brevig,6.1058687859504825,2.0
kelly asbury,6.55684691694223,1.0
stephen hopkins,6.212825591059398,6.0
jonathan demme,6.784108150165338,5.0
henry jaglom,6.55684691694223,1.0
james algar,6.855135187706672,3.0
vincent ward,6.55684691694223,1.0
steven brill,6.115675722405931,4.0
terry gilliam,6.970090125137781,7.0
lucile hadzihalilovic,6.456846916942229,1.0
barry cook,6.25684691694223,1.0
roger christian,5.790180250275562,1.0
joe dante,6.370090125137781,7.0
kevin costner,6.730135187706672,3.0
antony hoffman,6.340180250275563,1.0
jacques perrin,6.877297357379054,2.0
andrés couturier,6.123513583608896,1.0
cody cameron,6.473513583608896,1.0
john singleton,6.345090125137783,7.0
oliver hirschbiegel,6.648725928807626,2.0
des mcanuff,6.0735135836088965,1.0
yarrow cheney,6.523513583608896,1.0
stephen norrington,6.463011643093339,2.0
pierre coffin,6.717635187706672,3.0
david kellogg,6.0735135836088965,1.0
mike nichols,6.5855528637866705,6.0
f. gary gray,6.7457915358323834,9.0
antoine fuqua,6.7570062693579525,8.0
robert luketic,6.212825591059398,6.0
gil kenan,6.491583071664769,2.0
barry levinson,6.546726750091854,13.0
jerry zucker,6.455135187706672,3.0
andy tennant,6.349189227423034,6.0
florent-emilio siri,6.4901802502755634,1.0
don bluth,6.667635187706672,3.0
ron shelton,6.215675722405931,4.0
david pastor,6.390180250275563,1.0
henry selick,6.391583071664768,2.0
kyle balda,6.456846916942229,1.0
clay kaytis,6.440180250275563,1.0
judd apatow,6.534108150165338,5.0
steve carr,5.971231277961486,4.0
mel gibson,6.955135187706672,3.0
david silverman,6.623513583608896,1.0
frank darabont,7.137897944628154,4.0
betty thomas,5.949009055739264,4.0
garry marshall,6.149313961665644,8.0
paul tibbitt,6.390180250275563,1.0
clark johnson,6.348725928807625,2.0
cameron crowe,6.6673710456048525,6.0
randall wallace,6.537897944628153,4.0
jonathan frakes,6.1934535001837085,4.0
george clooney,6.614108150165338,5.0
gary shore,6.440180250275563,1.0
andrzej bartkowiak,5.864108150165338,5.0
måns mårlind,6.456846916942229,1.0
gregory hoblit,6.517635187706672,3.0
gary mckendry,6.473513583608896,1.0
wych kaosayananda,5.9901802502755634,1.0
mikael salomon,6.356846916942229,1.0
bobby farrelly,6.242738766776892,10.0
kerry conran,6.4068469169422295,1.0
michael caton-jones,6.215675722405931,4.0
mikael håfström,6.493453500183708,4.0
phil alden robinson,6.456846916942229,1.0
david slade,6.367635187706672,3.0
joseph ruben,6.3235135836088965,1.0
seth macfarlane,6.480135187706672,3.0
alejandro amenábar,6.771231277961487,4.0
kinka usher,6.390180250275563,1.0
craig gillespie,6.660120166850375,4.0
rob bowman,6.282342389072598,4.0
doug lefler,6.290180250275562,1.0
scott waugh,6.473513583608896,1.0
lawrence kasdan,6.364108150165338,5.0
michael lembeck,6.305868785950482,2.0
tom hooper,6.9426351877066725,3.0
nora ephron,6.355135187706672,3.0
angelina jolie pitt,6.142635187706672,3.0
clint eastwood,7.032533796926668,27.0
larry charles,6.504108150165338,5.0
stanley kubrick,7.331007409241216,6.0
will gluck,6.405135187706672,3.0
glenn ficarra,6.617635187706672,3.0
david s. goyer,6.148725928807626,2.0
taylor hackford,6.69464377287758,6.0
michael lehmann,6.155135187706672,3.0
stuart beattie,6.2401802502755634,1.0
roman polanski,6.985552863786671,6.0
frank miller,6.467635187706672,3.0
baltasar kormákur,6.580135187706672,3.0
daniel lee,6.377297357379054,2.0
keenen ivory wayans,5.893453500183709,4.0
rob reiner,6.846317593853336,11.0
marco schnabel,6.023513583608896,1.0
demian lichtenstein,6.373513583608896,1.0
josh gordon,6.391583071664768,2.0
tim hill,5.954108150165338,5.0
david frankel,6.526786833517042,4.0
brenda chapman,6.55684691694223,1.0
marc lawrence,6.205135187706672,3.0
peter billingsley,6.30684691694223,1.0
wes ball,6.505868785950483,2.0
ryan murphy,6.320154500236197,2.0
robert redford,6.654108150165338,5.0
jay russell,6.5676351877066725,3.0
kenny ortega,6.084108150165338,5.0
david mcnally,6.048725928807626,2.0
brian robbins,5.9582801365139435,6.0
brian levant,5.567371045604852,6.0
steven zaillian,6.434440214521912,2.0
chris butler,6.55684691694223,1.0
jon avnet,6.292635187706672,3.0
sam fell,6.4068469169422295,1.0
kevin donovan,6.273513583608896,1.0
geoff murphy,6.290180250275562,1.0
david o. russell,6.617220107260955,9.0
babak najafi,6.373513583608896,1.0
jean-pierre jeunet,6.904108150165338,5.0
graham annable,6.523513583608896,1.0
griffin dunne,6.305868785950482,2.0
john pasquin,6.155135187706672,3.0
ruben fleischer,6.60456461129482,4.0
harold ramis,6.518544730896414,8.0
kevin macdonald,6.905135187706672,3.0
donald petrie,5.972390884742568,8.0
jorge blanco,6.4068469169422295,1.0
stuart baird,6.448725928807625,2.0
joel coen,6.882342389072597,4.0
robert lorenz,6.391583071664768,2.0
harold becker,6.326786833517042,4.0
scott stewart,6.177297357379054,2.0
patrick gilmore,6.50684691694223,1.0
tony bill,6.4901802502755634,1.0
rod lurie,6.534108150165338,5.0
walter hill,6.226786833517043,4.0
akiva goldsman,6.423513583608897,1.0
harald zwart,6.191583071664768,2.0
walter salles,6.5051351877066725,3.0
iain softley,6.50456461129482,4.0
david koepp,6.4641081501653375,5.0
uwe boll,5.094108150165338,5.0
pou-soi cheang,6.390180250275563,1.0
john dahl,6.615675722405931,4.0
tim miller,6.7401802502755634,1.0
stephen herek,6.2570062693579525,8.0
peter macdonald,6.340180250275563,1.0
anthony hemingway,6.373513583608896,1.0
sean anders,6.315675722405931,4.0
mark neveldine,6.014108150165338,5.0
john madden,6.6241081501653385,5.0
kevin bray,6.320154500236197,2.0
mike gabriel,6.4901802502755634,1.0
sam weisman,6.0156757224059305,4.0
jesse dylan,6.305135187706672,3.0
wayne wang,6.244108150165338,5.0
gabriele muccino,6.6934535001837085,4.0
tom dey,6.092635187706672,3.0
jimmy hayward,6.134440214521911,2.0
alan parker,6.680135187706672,3.0
john frankenheimer,6.304108150165338,5.0
paul king,6.76301164309334,2.0
akiva schaffer,6.391583071664768,2.0
william friedkin,6.69464377287758,6.0
kent alterman,6.356846916942229,1.0
peter lord,6.577297357379054,2.0
shekhar kapur,6.655135187706672,3.0
karyn kusama,6.134440214521911,2.0
ron maxwell,6.620154500236197,2.0
robert butler,6.173513583608897,1.0
karey kirkpatrick,6.3235135836088965,1.0
steve antin,6.456846916942229,1.0
jim gillespie,6.177297357379054,2.0
francis ford coppola,7.121317593853336,11.0
richard lester,6.534108150165338,5.0
scott cooper,6.737897944628153,4.0
robert rodriguez,5.907837861202966,13.0
curtis hanson,6.549189227423034,6.0
phyllida lloyd,6.434440214521912,2.0
jay chandrasekhar,6.271231277961486,4.0
terrence malick,6.949189227423034,6.0
david dobkin,6.549009055739265,4.0
milos forman,7.092635187706672,3.0
pierre morel,6.637897944628153,4.0
paul hunter,6.30684691694223,1.0
steve oedekerk,6.3490090557392636,4.0
john whitesell,5.674108150165337,5.0
george nolfi,6.5735135836088965,1.0
neil jordan,6.649313961665644,8.0
rawson marshall thurber,6.549009055739265,4.0
spike lee,6.544813404840637,16.0
brian helgeland,6.594108150165337,5.0
frank marshall,6.449009055739264,4.0
hideo nakata,6.290180250275562,1.0
peter hewitt,5.949009055739264,4.0
joe roth,6.177297357379054,2.0
bennett miller,6.76301164309334,2.0
jaume collet-serra,6.540098318332125,6.0
andy fickman,6.0855528637866705,6.0
james mcteigue,6.549009055739265,4.0
matthew o'callaghan,6.4901802502755634,1.0
angela robinson,6.048725928807626,2.0
gary fleder,6.549189227423034,6.0
tommy wirkola,6.405868785950482,2.0
adrian lyne,6.437897944628153,4.0
stephen gaghan,6.320154500236197,2.0
jorge r. gutiérrez,6.606846916942229,1.0
richard loncraine,6.492635187706672,3.0
christophe gans,6.4901802502755634,1.0
howard deutch,6.280135187706672,3.0
jon hurwitz,6.520154500236196,2.0
steven quale,6.2915830716647685,2.0
john landis,6.734108150165338,5.0
alexander witt,6.423513583608897,1.0
beeban kidron,6.373513583608896,1.0
carl franklin,6.517635187706672,3.0
steven seagal,6.123513583608896,1.0
danny boyle,7.06469857705026,8.0
andrew bergman,5.991583071664769,2.0
barbet schroeder,6.334440214521911,2.0
peter webber,6.505868785950483,2.0
andrew niccol,6.674108150165338,5.0
john carpenter,6.642738766776891,10.0
wes anderson,7.145090125137782,7.0
david cronenberg,6.812825591059397,6.0
john stockwell,6.593453500183709,4.0
david gordon green,6.424362964403812,9.0
jim sheridan,6.305135187706672,3.0
costa-gavras,6.548725928807626,2.0
patrick read johnson,6.220154500236197,2.0
richard lagravenese,6.564108150165337,5.0
danny devito,6.392635187706672,3.0
george armitage,6.377297357379054,2.0
patrick lussier,5.993453500183708,4.0
james wong,5.937897944628153,4.0
richard curtis,6.905135187706672,3.0
chuck bowman,6.1568469169422295,1.0
olivier megaton,6.3801351877066725,3.0
deepa mehta,6.848725928807625,2.0
warren beatty,6.592635187706672,3.0
penny marshall,6.593453500183709,4.0
ted kotcheff,6.673513583608897,1.0
andrei tarkovsky,6.7401802502755634,1.0
paul bolger,6.140180250275563,1.0
stephen frears,6.869405433443559,10.0
p.j. hogan,6.440180250275563,1.0
brad furman,6.5676351877066725,3.0
terence young,6.315675722405931,4.0
david zucker,5.864108150165338,5.0
denis villeneuve,7.336072100110226,10.0
thomas carter,6.542635187706672,3.0
roger michell,6.542635187706672,3.0
luis llosa,6.048725928807626,2.0
melville shavelson,6.590180250275563,1.0
garth jennings,6.523513583608896,1.0
joel zwick,6.177297357379054,2.0
russell mulcahy,6.382342389072598,4.0
david r. ellis,5.984108150165338,5.0
peter howitt,6.3601201668503755,4.0
john a. davis,6.320154500236197,2.0
david lynch,7.142738766776891,10.0
julie taymor,6.5676351877066725,3.0
mathieu kassovitz,6.248725928807625,2.0
john gray,6.273513583608896,1.0
john schultz,6.0676351877066725,3.0
sean penn,6.76301164309334,2.0
susan stroman,6.456846916942229,1.0
simon wincer,6.093453500183709,4.0
billy bob thornton,6.591583071664767,2.0
danny pang,6.205868785950483,2.0
george p. cosmatos,6.430135187706672,3.0
oliver parker,6.471231277961486,4.0
lawrence kasanoff,5.673513583608897,1.0
ben affleck,6.805868785950482,2.0
brian gibson,6.448725928807625,2.0
norman ferguson,6.640180250275563,1.0
michael cimino,6.76301164309334,2.0
paul mcguigan,6.642635187706672,3.0
gus van sant,6.853423458471116,7.0
roger kumble,6.017635187706672,3.0
burr steers,6.449009055739264,4.0
john hamburg,6.430135187706672,3.0
reginald hudlin,6.017635187706672,3.0
joseph l. mankiewicz,6.55684691694223,1.0
barbra streisand,6.5051351877066725,3.0
mark pellington,6.577297357379054,2.0
john glen,6.534108150165338,5.0
catherine hardwicke,6.276461954695762,6.0
john herzfeld,6.334440214521911,2.0
annabel jankel,6.05684691694223,1.0
julie anne robinson,6.205868785950483,2.0
evan goldberg,6.520154500236196,2.0
sngmoo lee,6.440180250275563,1.0
jamel debbouze,6.206846916942229,1.0
gordon chan,6.25684691694223,1.0
asger leth,6.4901802502755634,1.0
john g. avildsen,6.805868785950482,2.0
anne fletcher,6.254108150165338,5.0
bruce beresford,6.837897944628153,4.0
sam taylor-johnson,6.234440214521911,2.0
ken kwapis,6.3490090557392636,4.0
wes craven,6.136072100110225,10.0
etan cohen,6.390180250275563,1.0
nick cassavetes,6.737897944628153,4.0
nicholas stoller,6.454108150165338,5.0
mark a.z. dippé,6.25684691694223,1.0
cal brunker,6.373513583608896,1.0
nimród antal,6.455135187706672,3.0
alejandro agresti,6.523513583608896,1.0
peter hedges,6.577297357379054,2.0
paul weiland,6.356846916942229,1.0
colin strause,5.920154500236197,2.0
joan chen,6.30684691694223,1.0
greg mottola,6.717635187706672,3.0
jake kasdan,6.374108150165338,5.0
diane keaton,6.173513583608897,1.0
kelly makin,6.356846916942229,1.0
stephen daldry,6.934108150165338,5.0
christian duguay,6.077297357379054,2.0
justin chadwick,6.591583071664767,2.0
pat o'connor,6.50684691694223,1.0
frederik du chau,6.248725928807625,2.0
irwin winkler,6.460120166850375,4.0
joseph kahn,6.020154500236196,2.0
sofia coppola,6.671231277961486,4.0
stephen kay,5.917635187706672,3.0
j.a. bayona,6.777297357379054,2.0
elaine may,6.090180250275563,1.0
dennie gordon,5.993453500183708,4.0
charles shyer,6.423513583608897,1.0
ulu grosbard,6.440180250275563,1.0
william malone,5.891583071664768,2.0
malcolm d. lee,6.0700901251377815,7.0
jerry jameson,6.048725928807626,2.0
mic rodgers,6.0735135836088965,1.0
christian alvart,6.4772973573790535,2.0
jean-marie poiré,6.392635187706672,3.0
marc f. adler,6.123513583608896,1.0
geoffrey sax,6.134440214521911,2.0
richard shepard,6.530135187706672,3.0
peter ho-sun chan,6.5735135836088965,1.0
joon-ho bong,6.55684691694223,1.0
jeff nathanson,6.340180250275563,1.0
s.s. rajamouli,6.790180250275562,1.0
charles s. dutton,6.273513583608896,1.0
jonathan lynn,6.571231277961486,4.0
david carson,6.4901802502755634,1.0
kar-wai wong,6.6301351877066725,3.0
yuefeng song,6.456846916942229,1.0
norman jewison,6.584108150165338,5.0
david mirkin,6.423513583608897,1.0
luis mandoki,6.2915830716647685,2.0
lee daniels,6.691583071664768,2.0
jeb stuart,6.491583071664769,2.0
steve miner,6.114108150165338,5.0
paul thomas anderson,7.074362964403813,9.0
david leland,6.205868785950483,2.0
j blakeson,6.25684691694223,1.0
ryan coogler,6.826786833517042,4.0
kirk jones,6.534108150165338,5.0
ethan coen,6.845090125137781,7.0
jennifer flackett,6.390180250275563,1.0
kevin smith,6.537710676567846,12.0
christian ditter,6.4068469169422295,1.0
charles martin smith,6.342635187706672,3.0
fedor bondarchuk,6.273513583608896,1.0
irvin kershner,6.76301164309334,2.0
steve pink,6.242635187706672,3.0
scott hicks,6.654108150165338,5.0
chris rock,6.217635187706672,3.0
wilson yip,6.590180250275563,1.0
robert wise,6.742635187706672,3.0
kevin rodney sullivan,6.180135187706672,3.0
kevin munroe,6.248725928807625,2.0
michael tollin,6.305868785950482,2.0
patrick tatopoulos,6.4901802502755634,1.0
gary david goldberg,6.373513583608896,1.0
tobe hooper,6.434108150165338,5.0
alan poul,6.273513583608896,1.0
luke greenfield,6.260120166850375,4.0
gil junger,6.334440214521911,2.0
michael ritchie,6.367635187706672,3.0
steven e. de souza,6.023513583608896,1.0
alexandre aja,6.3601201668503755,4.0
michael rymer,6.234440214521911,2.0
hugh wilson,6.1823423890725975,4.0
mike hodges,6.456846916942229,1.0
scott mann,6.4068469169422295,1.0
susanna white,6.405868785950482,2.0
chris carter,6.373513583608896,1.0
tommy o'haver,6.348725928807625,2.0
peter landesman,6.5735135836088965,1.0
gary chapman,6.3235135836088965,1.0
craig mazin,6.120154500236197,2.0
allen hughes,6.423513583608897,1.0
kimble rendall,6.25684691694223,1.0
peter yates,6.390180250275563,1.0
lasse hallström,6.88150582154667,9.0
jean-marc vallée,6.842635187706672,3.0
hark tsui,6.190180250275563,1.0
lexi alexander,6.390180250275563,1.0
ronny yu,6.037897944628153,4.0
bille august,6.548725928807626,2.0
moustapha akkad,6.790180250275562,1.0
jean-paul rappeneau,6.620154500236197,2.0
joachim rønning,6.36301164309334,2.0
tony kaye,7.055135187706672,3.0
ken scott,6.305868785950482,2.0
hugh johnson,6.25684691694223,1.0
hayao miyazaki,7.249009055739265,4.0
george tillman jr.,6.671231277961486,4.0
rand ravich,6.273513583608896,1.0
hugh hudson,6.448725928807625,2.0
jeremy degruson,6.440180250275563,1.0
chris gorak,6.206846916942229,1.0
scott speer,6.473513583608896,1.0
joe charbanic,6.273513583608896,1.0
jonathan hensleigh,6.473513583608896,1.0
danny cannon,6.248725928807625,2.0
boaz yakin,6.680135187706672,3.0
richard marquand,6.790180250275562,1.0
neil marshall,6.492635187706672,3.0
david wain,6.149009055739264,4.0
jared hess,6.3801351877066725,3.0
rupert wainwright,6.423513583608897,1.0
john luessenhop,6.191583071664768,2.0
justin zackham,6.3235135836088965,1.0
john gatins,6.540180250275562,1.0
miguel sapochnik,6.440180250275563,1.0
hyung-rae shim,5.648725928807626,2.0
don scardino,6.373513583608896,1.0
tim robbins,6.691583071664768,2.0
tom reeve,6.340180250275563,1.0
nanette burstein,6.440180250275563,1.0
ariel vromen,6.505868785950483,2.0
lewis gilbert,6.580135187706672,3.0
john francis daley,6.4772973573790535,2.0
j.b. rogers,6.234440214521911,2.0
michael sucsy,6.523513583608896,1.0
tom vaughan,6.420154500236197,2.0
stephen hillenburg,6.55684691694223,1.0
stig bergqvist,6.4068469169422295,1.0
jason reitman,6.804108150165338,5.0
alexander payne,6.840098318332125,6.0
jonathan levine,6.615675722405931,4.0
rian johnson,6.705135187706672,3.0
chris noonan,6.591583071664767,2.0
michael mccullers,6.390180250275563,1.0
forest whitaker,6.373513583608896,1.0
woody allen,6.90892894450568,22.0
peter lepeniotis,6.356846916942229,1.0
ted demme,6.6568469169422295,1.0
william shatner,6.290180250275562,1.0
steve box,6.640180250275563,1.0
james gartner,6.590180250275563,1.0
lee toland krieger,6.6058687859504825,2.0
tim mccanlies,6.677297357379054,2.0
drew goddard,6.55684691694223,1.0
jason friedberg,4.749009055739264,4.0
paul michael glaser,6.4901802502755634,1.0
john r. leonetti,5.920154500236197,2.0
tom hanks,6.4772973573790535,2.0
kimberly peirce,6.542635187706672,3.0
liz friedlander,6.50684691694223,1.0
phil joanou,6.277297357379054,2.0
shane acker,6.5735135836088965,1.0
martha coolidge,6.373513583608896,1.0
stephen j. anderson,6.606846916942229,1.0
troy miller,5.956846916942229,1.0
tate taylor,6.76301164309334,2.0
brett leonard,6.177297357379054,2.0
alister grierson,6.373513583608896,1.0
nick hurran,6.25684691694223,1.0
charles stone iii,6.220154500236197,2.0
paul haggis,6.855135187706672,3.0
kurt wimmer,6.320154500236197,2.0
jean-françois richet,6.440180250275563,1.0
kevin hooks,6.273513583608896,1.0
ellory elkayem,6.290180250275562,1.0
niki caro,6.830135187706672,3.0
vincenzo natali,6.50456461129482,4.0
willard huyck,6.1568469169422295,1.0
gavin o'connor,6.724108150165338,5.0
bruce hunt,6.2401802502755634,1.0
chris roberts,6.0735135836088965,1.0
jee-woon kim,6.577297357379054,2.0
nick hamm,6.190180250275563,1.0
andy cadiff,6.4068469169422295,1.0
mike disa,6.190180250275563,1.0
richard j. lewis,6.606846916942229,1.0
sergio leone,7.3601201668503755,4.0
niels arden oplev,6.705868785950483,2.0
michael radford,6.56301164309334,2.0
steve boyum,5.748725928807625,2.0
kaige chen,6.3235135836088965,1.0
corey yuen,6.190180250275563,1.0
andrew dominik,6.577297357379054,2.0
li zhang,6.390180250275563,1.0
laurent tirard,6.691583071664768,2.0
reinhard klooss,6.206846916942229,1.0
frédéric auburtin,5.723513583608896,1.0
olivier dahan,6.340180250275563,1.0
maksim fadeev,6.0735135836088965,1.0
liliana cavani,6.50684691694223,1.0
greg tiernan,6.640180250275563,1.0
elizabeth banks,6.142635187706672,3.0
edward norton,6.456846916942229,1.0
ben falcone,6.077297357379054,2.0
richard attenborough,6.971231277961486,4.0
don mancini,6.206846916942229,1.0
john maybury,6.5735135836088965,1.0
igor kovalyov,6.373513583608896,1.0
shinji aramaki,6.473513583608896,1.0
miguel arteta,6.444108150165337,5.0
james gray,6.584108150165338,5.0
janusz kaminski,6.190180250275563,1.0
robert b. weide,6.473513583608896,1.0
jeff wadlow,6.430135187706672,3.0
agustín díaz yanes,6.4068469169422295,1.0
camille delamarre,6.1630116430933395,2.0
david lean,7.149009055739264,4.0
richard eyre,6.691583071664768,2.0
nicholas meyer,6.748725928807625,2.0
callie khouri,6.305868785950482,2.0
sanaa hamri,6.334440214521911,2.0
todd graff,6.348725928807625,2.0
philip kaufman,6.805868785950482,2.0
saul dibb,6.540180250275562,1.0
walter murch,6.50684691694223,1.0
richard linklater,7.087054075082669,15.0
e. elias merhige,6.448725928807625,2.0
menno meyjes,6.523513583608896,1.0
jodie foster,6.542635187706672,3.0
scott frank,6.473513583608896,1.0
kevin allen,6.1630116430933395,2.0
michael cristofer,6.390180250275563,1.0
andrew morahan,6.106846916942229,1.0
bob rafelson,6.434440214521912,2.0
michael cohn,6.440180250275563,1.0
alan shapiro,6.25684691694223,1.0
fernando meirelles,6.892635187706672,3.0
michael hoffman,6.617635187706672,3.0
oleg stepchenko,6.290180250275562,1.0
michael winterbottom,6.312825591059397,6.0
michael pressman,6.390180250275563,1.0
sharon maguire,6.50684691694223,1.0
charles herman-wurmfeld,6.367635187706672,3.0
gabor csupo,6.590180250275563,1.0
tyler perry,5.460077250118098,9.0
joe carnahan,6.6301351877066725,3.0
john polson,6.177297357379054,2.0
bernardo bertolucci,6.891583071664768,2.0
cathy malkasian,6.25684691694223,1.0
john eng,6.3235135836088965,1.0
chris nahon,6.4901802502755634,1.0
fred wolf,6.1630116430933395,2.0
bille woodruff,5.871231277961487,4.0
victor salva,6.417635187706672,3.0
mark helfrich,6.3235135836088965,1.0
steve bendelack,6.440180250275563,1.0
dwight h. little,6.120154500236197,2.0
guillaume canet,6.56301164309334,2.0
kirsten sheridan,6.640180250275563,1.0
richard fleischer,6.426786833517042,4.0
bob spiers,5.940180250275563,1.0
damien dante wayans,5.973513583608896,1.0
john wells,6.6058687859504825,2.0
tim fywell,6.390180250275563,1.0
nigel cole,6.591583071664767,2.0
dexter fletcher,6.640180250275563,1.0
jeremy leven,6.523513583608896,1.0
sylvain white,6.277297357379054,2.0
troy nixey,6.3235135836088965,1.0
philip g. atwell,6.440180250275563,1.0
jeff schaffer,6.4901802502755634,1.0
don michael paul,5.56301164309334,2.0
james bridges,6.3235135836088965,1.0
steve barron,6.273513583608896,1.0
bill paxton,6.734440214521911,2.0
richard kelly,6.4426351877066725,3.0
carter smith,6.373513583608896,1.0
john schlesinger,6.3801351877066725,3.0
ringo lam,6.290180250275562,1.0
bruce mcculloch,6.06301164309334,2.0
patricia riggen,6.680135187706672,3.0
pascal chaumeil,6.440180250275563,1.0
jonathan kaplan,6.456846916942229,1.0
ole bornedal,6.373513583608896,1.0
richard benjamin,5.8176351877066725,3.0
craig r. baxley,6.205868785950483,2.0
john hillcoat,6.667635187706672,3.0
john guillermin,6.190180250275563,1.0
marcos siega,6.0735135836088965,1.0
rachel talalay,6.06301164309334,2.0
jeffrey w. byrd,6.0735135836088965,1.0
atom egoyan,6.69464377287758,6.0
robert towne,6.590180250275563,1.0
giuseppe tornatore,6.690180250275563,1.0
werner herzog,6.620154500236197,2.0
ben stassen,6.4068469169422295,1.0
jérôme deschamps,5.873513583608896,1.0
inna evlannikova,6.25684691694223,1.0
jonathan english,6.423513583608897,1.0
sergey bondarchuk,6.606846916942229,1.0
teddy chan,6.5344402145219105,2.0
mario van peebles,6.048725928807626,2.0
leonard nimoy,6.517635187706672,3.0
herbert ross,6.473513583608896,1.0
bonnie hunt,6.540180250275562,1.0
neil labute,6.5051351877066725,3.0
grant heslov,6.423513583608897,1.0
george gallo,6.320154500236197,2.0
sidney lumet,6.858280136513943,6.0
douglas mcgrath,6.4426351877066725,3.0
kevin spacey,6.448725928807625,2.0
richard williams,6.590180250275563,1.0
mary mcguckian,6.2401802502755634,1.0
tony goldwyn,6.434440214521912,2.0
jonathan newman,6.290180250275562,1.0
michael dinner,6.3235135836088965,1.0
joseph sargent,5.856846916942229,1.0
jerry zaks,6.50684691694223,1.0
fred durst,6.2401802502755634,1.0
anne fontaine,6.463011643093339,2.0
jon cassar,6.440180250275563,1.0
mira nair,6.574108150165339,5.0
mel brooks,6.867371045604853,6.0
russell crowe,6.5735135836088965,1.0
jessie nelson,6.520154500236196,2.0
christopher spencer,6.3235135836088965,1.0
mike bigelow,6.1568469169422295,1.0
daniel sackheim,6.356846916942229,1.0
harry elfont,6.305868785950482,2.0
uli edel,6.491583071664769,2.0
fred dekker,6.040180250275562,1.0
brian trenchard-smith,5.605135187706672,3.0
blake edwards,6.520154500236196,2.0
laurence dunmore,6.456846916942229,1.0
christian carion,6.690180250275563,1.0
david palmer,6.4068469169422295,1.0
rowan joffe,6.334440214521911,2.0
john curran,6.463011643093339,2.0
juan josé campanella,6.748725928807625,2.0
trey parker,6.6926351877066725,3.0
stuart gillard,6.190180250275563,1.0
katt shea,6.1568469169422295,1.0
joshua michael stern,6.4068469169422295,1.0
tomas alfredson,6.5735135836088965,1.0
john duigan,6.356846916942229,1.0
colin higgins,6.356846916942229,1.0
jim sonzero,6.173513583608897,1.0
penelope spheeris,6.55684691694223,1.0
jeff tremaine,6.637897944628153,4.0
jeannot szwarc,6.4772973573790535,2.0
steve mcqueen,6.820154500236197,2.0
thea sharrock,6.6568469169422295,1.0
jon lucas,6.3176351877066725,3.0
aaron seltzer,5.840180250275563,1.0
robin budd,6.356846916942229,1.0
ava duvernay,6.620154500236197,2.0
steve trenbirth,6.290180250275562,1.0
mennan yapo,6.373513583608896,1.0
jun falkenstein,6.440180250275563,1.0
tom mccarthy,6.877297357379054,2.0
takashi shimizu,6.177297357379054,2.0
gary nelson,6.373513583608896,1.0
anton corbijn,6.642635187706672,3.0
gregory nava,6.50684691694223,1.0
john patrick shanley,6.640180250275563,1.0
joshua logan,6.50684691694223,1.0
steve beck,6.191583071664768,2.0
todd strauss-schulson,6.440180250275563,1.0
john mcnaughton,6.473513583608896,1.0
nelson mccormick,5.9772973573790535,2.0
eric valette,5.734440214521911,2.0
andrew fleming,6.326786833517042,4.0
michael spierig,6.473513583608896,1.0
jim field smith,6.456846916942229,1.0
thomas bezucha,6.348725928807625,2.0
william brent bell,5.955135187706672,3.0
anthony bell,6.273513583608896,1.0
jessica bendinger,6.456846916942229,1.0
henry joost,6.230135187706672,3.0
ed harris,6.591583071664767,2.0
alfred hitchcock,7.010852423204105,8.0
shana feste,6.455135187706672,3.0
steve rash,6.120154500236197,2.0
mike binder,6.667635187706672,3.0
michael j. bassett,6.223513583608896,1.0
frank nissen,6.456846916942229,1.0
stephen chow,6.742635187706672,3.0
peter hastings,6.05684691694223,1.0
paul abascal,6.356846916942229,1.0
chris koch,6.120154500236197,2.0
amy heckerling,6.304564611294819,4.0
michael moore,6.9128255910593985,6.0
george stevens,6.4901802502755634,1.0
billy ray,6.5344402145219105,2.0
mark mylod,6.390180250275563,1.0
james mather,6.4068469169422295,1.0
michael o. sajbel,6.577297357379054,2.0
charles t. kanganis,6.106846916942229,1.0
damon santostefano,6.4068469169422295,1.0
bob clark,5.671231277961486,4.0
dave borthwick,5.856846916942229,1.0
benson lee,6.223513583608896,1.0
glen morgan,6.148725928807626,2.0
mike leigh,6.914108150165338,5.0
alejandro monteverde,6.734440214521911,2.0
jonathan glazer,6.5051351877066725,3.0
j.c. chandor,6.667635187706672,3.0
paul gross,6.405868785950482,2.0
marc abraham,6.55684691694223,1.0
todd haynes,6.717635187706672,3.0
mabrouk el mechri,6.206846916942229,1.0
charlie kaufman,6.640180250275563,1.0
nancy walker,6.140180250275563,1.0
angelo pizzo,6.55684691694223,1.0
matthew diamond,6.50684691694223,1.0
katsuhiro ôtomo,6.76301164309334,2.0
david anspaugh,6.423513583608897,1.0
andrew jarecki,6.440180250275563,1.0
daniel algrant,6.30684691694223,1.0
jane clark,6.25684691694223,1.0
mike barker,6.50684691694223,1.0
wayne thornley,6.356846916942229,1.0
gnana rajasekaran,6.55684691694223,1.0
tom walsh,6.190180250275563,1.0
jonathan jakubowicz,6.590180250275563,1.0
scott walker,6.456846916942229,1.0
mark rosman,6.248725928807625,2.0
rob hawk,6.223513583608896,1.0
britt allcroft,5.9901802502755634,1.0
alan yuen,6.423513583608897,1.0
brian percival,6.6568469169422295,1.0
anand tucker,6.5051351877066725,3.0
anthony mann,6.50684691694223,1.0
michael dowse,6.577297357379054,2.0
daniel barnz,6.334440214521911,2.0
emile ardolino,6.340180250275563,1.0
robert altman,6.592635187706672,3.0
james schamus,6.690180250275563,1.0
andrew douglas,6.390180250275563,1.0
ricky gervais,6.456846916942229,1.0
vic armstrong,5.9068469169422295,1.0
terry zwigoff,6.691583071664768,2.0
audrey wells,6.50684691694223,1.0
rick friedberg,6.273513583608896,1.0
sean mcnamara,6.4772973573790535,2.0
jody hill,6.356846916942229,1.0
brandon camp,6.3235135836088965,1.0
kevin tancharoen,6.1058687859504825,2.0
nicholas hytner,6.492635187706672,3.0
bart freundlich,6.177297357379054,2.0
william a. fraker,6.223513583608896,1.0
john boorman,6.1926351877066725,3.0
courtney solomon,5.963011643093339,2.0
jeff kanew,6.30684691694223,1.0
istván szabó,6.5735135836088965,1.0
matthew robbins,6.50684691694223,1.0
hal needham,5.973513583608896,1.0
jeff nichols,6.793453500183708,4.0
jonathan teplitzky,6.5735135836088965,1.0
michael haneke,6.8176351877066725,3.0
zack ward,6.05684691694223,1.0
mike marvin,6.373513583608896,1.0
gregor jordan,6.334440214521911,2.0
tran anh hung,6.30684691694223,1.0
lance hool,6.423513583608897,1.0
christian volckman,6.50684691694223,1.0
rodrigo cortés,6.505868785950483,2.0
david hayter,6.273513583608896,1.0
cory edwards,6.473513583608896,1.0
terry george,6.7401802502755634,1.0
xavier gens,6.348725928807625,2.0
kasi lemmons,6.2551351877066725,3.0
brian a miller,6.1568469169422295,1.0
matt dillon,6.390180250275563,1.0
george cukor,6.706846916942229,1.0
john hoffman,6.2401802502755634,1.0
kevin greutert,6.277297357379054,2.0
john fortenberry,6.423513583608897,1.0
erik white,6.206846916942229,1.0
chris robinson,6.390180250275563,1.0
jason moore,6.590180250275563,1.0
robert harmon,6.091583071664767,2.0
trent cooper,5.9068469169422295,1.0
gary halvorson,6.356846916942229,1.0
nicholas ray,6.523513583608896,1.0
fede alvarez,6.473513583608896,1.0
sidney j. furie,5.9901802502755634,1.0
ian iqbal rashid,5.940180250275563,1.0
wayne kramer,6.677297357379054,2.0
rowdy herrington,6.505868785950483,2.0
jim goddard,5.890180250275563,1.0
noel marshall,6.456846916942229,1.0
andrea di stefano,6.4901802502755634,1.0
guillaume ivernel,6.4901802502755634,1.0
jack smight,6.36301164309334,2.0
todd lincoln,6.0735135836088965,1.0
howard zieff,6.463011643093339,2.0
steven shainberg,6.56301164309334,2.0
julian jarrold,6.648725928807626,2.0
joe nussbaum,6.167635187706672,3.0
vadim perelman,6.620154500236197,2.0
peter farrelly,6.834440214521911,2.0
michel hazanavicius,6.723513583608896,1.0
cyrus nowrasteh,6.290180250275562,1.0
perry andelin blake,5.940180250275563,1.0
christian e. christiansen,6.190180250275563,1.0
sheldon lettich,6.36301164309334,2.0
diane english,6.206846916942229,1.0
peter flinth,6.4901802502755634,1.0
robert iscove,5.6926351877066725,3.0
peter kosminsky,6.590180250275563,1.0
nick gomez,6.3235135836088965,1.0
allen coulter,6.590180250275563,1.0
clare kilner,6.305868785950482,2.0
josef rusnak,6.55684691694223,1.0
lance rivera,5.9901802502755634,1.0
ronald neame,6.206846916942229,1.0
bruce paltrow,6.390180250275563,1.0
adam rifkin,6.4772973573790535,2.0
susanne bier,6.590180250275563,1.0
kenneth johnson,5.856846916942229,1.0
james ivory,6.811756791804449,7.0
jessy terrero,6.123513583608896,1.0
dany boon,6.5735135836088965,1.0
vicente amorim,6.423513583608897,1.0
gaspar noé,6.720154500236197,2.0
jérôme salle,6.50684691694223,1.0
tommy lee jones,6.634440214521911,2.0
jesse vaughan,6.140180250275563,1.0
william bindley,6.473513583608896,1.0
wayne beach,6.373513583608896,1.0
gérard krawczyk,6.4901802502755634,1.0
udayan prasad,6.523513583608896,1.0
jk youn,6.340180250275563,1.0
morten tyldum,6.86301164309334,2.0
andrés muschietti,6.423513583608897,1.0
gillian armstrong,6.620154500236197,2.0
james watkins,6.505868785950483,2.0
jim fall,6.273513583608896,1.0
ric roman waugh,6.473513583608896,1.0
michael dougherty,6.423513583608897,1.0
joel gallen,6.340180250275563,1.0
james marsh,6.834440214521911,2.0
matt williams,6.523513583608896,1.0
rob zombie,6.137897944628153,4.0
dennis iliadis,6.4901802502755634,1.0
rick rosenthal,6.0735135836088965,1.0
denzel washington,6.748725928807625,2.0
nicolas winding refn,6.660120166850375,4.0
sara sugarman,6.1568469169422295,1.0
juan carlos fresnadillo,6.55684691694223,1.0
gina prince-bythewood,6.717635187706672,3.0
phil traill,6.190180250275563,1.0
joe berlinger,6.05684691694223,1.0
elizabeth allen rosenbaum,6.334440214521911,2.0
michael mayer,6.4772973573790535,2.0
martin weisz,6.2401802502755634,1.0
john ottman,6.0735135836088965,1.0
john bonito,6.173513583608897,1.0
peter atencio,6.456846916942229,1.0
david nutter,6.30684691694223,1.0
derek cianfrance,6.720154500236197,2.0
stephan elliott,6.277297357379054,2.0
mark l. lester,6.40456461129482,4.0
tom green,6.140180250275563,1.0
mike nawrocki,6.377297357379054,2.0
catherine owens,6.790180250275562,1.0
douglas aarniokoski,5.934440214521912,2.0
bryan barber,6.423513583608897,1.0
lone scherfig,6.6630116430933395,2.0
drew barrymore,6.540180250275562,1.0
brian koppelman,6.405868785950482,2.0
james foley,6.605135187706672,3.0
albert brooks,6.3235135836088965,1.0
steve gomer,5.856846916942229,1.0
rza,6.290180250275562,1.0
mark piznarski,6.2401802502755634,1.0
craig brewer,6.677297357379054,2.0
david raynr,6.055135187706672,3.0
mort nathan,6.206846916942229,1.0
dan curtis,6.623513583608896,1.0
wil shriner,6.3235135836088965,1.0
martin mcdonagh,7.037897944628153,4.0
tina gordon chism,6.273513583608896,1.0
peter cattaneo,6.50456461129482,4.0
vicky jenson,6.273513583608896,1.0
mary lambert,6.220154500236197,2.0
peter kassovitz,6.473513583608896,1.0
rodman flender,6.423513583608897,1.0
katja von garnier,6.30684691694223,1.0
mark romanek,6.620154500236197,2.0
brad anderson,6.664108150165338,5.0
michael chapman,6.273513583608896,1.0
antonio banderas,6.440180250275563,1.0
khalil sullins,6.3235135836088965,1.0
fritz lang,6.773513583608896,1.0
hsiao-hsien hou,6.456846916942229,1.0
andrey zvyagintsev,6.723513583608896,1.0
tony jaa,6.423513583608897,1.0
ryûhei kitamura,6.4068469169422295,1.0
darrell roodt,6.390180250275563,1.0
dito montiel,6.2401802502755634,1.0
stefan ruzowitzky,6.155135187706672,3.0
jake paltrow,6.373513583608896,1.0
juraj jakubisko,6.390180250275563,1.0
anthony silverston,6.356846916942229,1.0
gabe ibáñez,6.4068469169422295,1.0
gerry lively,6.206846916942229,1.0
daniele luchetti,6.340180250275563,1.0
tung-shing yee,6.5735135836088965,1.0
julien temple,6.4901802502755634,1.0
gregory jacobs,6.340180250275563,1.0
gilles paquet-brenner,6.640180250275563,1.0
peter cousens,6.423513583608897,1.0
lars von trier,6.855135187706672,3.0
john blanchard,6.973513583608896,1.0
john cornell,6.30684691694223,1.0
vidhu vinod chopra,6.340180250275563,1.0
jamie blanks,6.077297357379054,2.0
randal kleiser,6.492635187706672,3.0
rick famuyiwa,6.437897944628153,4.0
alan cohn,6.390180250275563,1.0
franco zeffirelli,6.540180250275562,1.0
tom holland,6.36301164309334,2.0
james isaac,6.123513583608896,1.0
emilio estevez,6.55684691694223,1.0
josh schwartz,6.290180250275562,1.0
julian schnabel,6.748725928807625,2.0
todd field,6.777297357379054,2.0
davis guggenheim,6.492635187706672,3.0
stephen carpenter,6.040180250275562,1.0
james fargo,6.473513583608896,1.0
alain resnais,6.440180250275563,1.0
chao-bin su,6.540180250275562,1.0
kenneth lonergan,6.648725928807626,2.0
bo zenga,5.9901802502755634,1.0
danny leiner,6.420154500236197,2.0
christopher cain,6.420154500236197,2.0
theodore melfi,6.606846916942229,1.0
ed decter,6.373513583608896,1.0
gene quintano,6.4068469169422295,1.0
eric bress,6.673513583608897,1.0
preston a. whitmore ii,5.7915830716647685,2.0
kirk wong,6.4068469169422295,1.0
bronwen hughes,6.373513583608896,1.0
john lafia,6.340180250275563,1.0
sam miller,6.26301164309334,2.0
alex garland,6.673513583608897,1.0
mark brown,6.1058687859504825,2.0
michael polish,6.124108150165338,5.0
daisy von scherler mayer,5.934440214521912,2.0
lenny abrahamson,6.773513583608896,1.0
bob saget,6.134440214521911,2.0
john waters,6.417635187706672,3.0
craig bolotin,6.390180250275563,1.0
mark christopher,6.356846916942229,1.0
blair hayes,6.3235135836088965,1.0
jez butterworth,6.4068469169422295,1.0
olivier assayas,6.648725928807626,2.0
patrice leconte,6.606846916942229,1.0
paul mazursky,6.373513583608896,1.0
stephen chbosky,6.891583071664768,2.0
jon hess,6.2401802502755634,1.0
joe cornish,6.4901802502755634,1.0
john h. lee,6.523513583608896,1.0
john stainton,6.290180250275562,1.0
benedek fliegauf,6.456846916942229,1.0
paul schrader,6.040098318332125,6.0
stewart hendler,6.2401802502755634,1.0
john cromwell,6.690180250275563,1.0
mark herman,6.734440214521911,2.0
abel ferrara,6.4901802502755634,1.0
ethan maniquis,6.50684691694223,1.0
george hickenlooper,6.420154500236197,2.0
je-kyu kang,6.7401802502755634,1.0
william dear,6.220154500236197,2.0
stéphane aubier,6.706846916942229,1.0
john badham,6.5735135836088965,1.0
mike mccoy,6.473513583608896,1.0
mike judge,6.637897944628153,4.0
tamra davis,6.048725928807626,2.0
nima nourizadeh,6.50684691694223,1.0
franklin j. schaffner,6.5676351877066725,3.0
john erick dowdle,6.393453500183709,4.0
david moreau,6.290180250275562,1.0
christopher erskin,6.106846916942229,1.0
brian henson,6.673513583608897,1.0
dan cutforth,6.373513583608896,1.0
josh boone,6.690180250275563,1.0
jake schreier,6.667635187706672,3.0
cheryl dunye,6.140180250275563,1.0
ernest r. dickerson,6.50684691694223,1.0
lionel c. martin,6.273513583608896,1.0
wallace wolodarsky,6.290180250275562,1.0
nicholas jarecki,6.4901802502755634,1.0
dean israelite,6.456846916942229,1.0
darnell martin,6.55684691694223,1.0
scott alexander,6.340180250275563,1.0
stuart gordon,6.36301164309334,2.0
christopher guest,6.782342389072598,4.0
jane campion,6.560120166850376,4.0
fred schepisi,6.55684691694223,1.0
antonia bird,6.5735135836088965,1.0
jon poll,6.55684691694223,1.0
paolo sorrentino,6.673513583608897,1.0
peter care,6.5735135836088965,1.0
chan-wook park,6.905135187706672,3.0
ira sachs,6.377297357379054,2.0
carroll ballard,6.720154500236197,2.0
takeshi kitano,6.590180250275563,1.0
marco kreuzpaintner,6.748725928807625,2.0
lajos koltai,6.5735135836088965,1.0
alan rudolph,6.1568469169422295,1.0
chuan lu,6.673513583608897,1.0
lijun sun,5.923513583608897,1.0
takashi yamazaki,6.4068469169422295,1.0
christopher smith,6.548725928807626,2.0
timothy hines,6.640180250275563,1.0
david winters,5.856846916942229,1.0
akira kurosawa,6.934440214521912,2.0
jamie thraves,6.390180250275563,1.0
mabel cheung,6.423513583608897,1.0
dan mazer,6.390180250275563,1.0
r.j. cutler,6.523513583608896,1.0
david s. ward,6.590180250275563,1.0
rob pritts,6.1568469169422295,1.0
john crowley,6.640180250275563,1.0
brendan malloy,6.440180250275563,1.0
dustin hoffman,6.523513583608896,1.0
gregory poirier,6.273513583608896,1.0
simon curtis,6.6630116430933395,2.0
dewey nicks,6.273513583608896,1.0
philip saville,6.673513583608897,1.0
tim blake nelson,6.423513583608897,1.0
william a. graham,6.2401802502755634,1.0
martin ritt,6.734440214521911,2.0
john turturro,6.405868785950482,2.0
agnieszka holland,6.523513583608896,1.0
david hackl,6.205868785950483,2.0
giuliano montaldo,6.423513583608897,1.0
lisa azuelos,6.106846916942229,1.0
ray lawrence,6.456846916942229,1.0
karan johar,6.620154500236197,2.0
ruairi robinson,6.30684691694223,1.0
jaume balagueró,6.560120166850376,4.0
jon kasdan,6.473513583608896,1.0
léa pool,6.577297357379054,2.0
floyd mutrux,6.456846916942229,1.0
sajid khan,6.273513583608896,1.0
dean wright,6.4901802502755634,1.0
eric lartigau,6.623513583608896,1.0
shintaro shimosawa,6.273513583608896,1.0
darren lynn bousman,6.514108150165337,5.0
james demonaco,6.330135187706672,3.0
ken annakin,6.690180250275563,1.0
carol reed,6.6630116430933395,2.0
chuck sheetz,6.473513583608896,1.0
marcus raboy,6.191583071664768,2.0
leigh whannell,6.4068469169422295,1.0
michael schultz,6.592635187706672,3.0
peter sollett,6.592635187706672,3.0
bob dolman,6.3235135836088965,1.0
greg coolidge,6.30684691694223,1.0
david lowery,6.642635187706672,3.0
ciarán foy,6.25684691694223,1.0
salim akil,6.248725928807625,2.0
olatunde osunsanmi,6.373513583608896,1.0
leon ichaso,6.373513583608896,1.0
joseph zito,6.220154500236197,2.0
patricia rozema,6.50684691694223,1.0
rob schmidt,6.4068469169422295,1.0
robert ben garant,6.373513583608896,1.0
morgan spurlock,6.292635187706672,3.0
neal brennan,6.356846916942229,1.0
tuck tucker,6.373513583608896,1.0
theodore witcher,6.623513583608896,1.0
joel edgerton,6.5735135836088965,1.0
jim hanon,6.55684691694223,1.0
michael patrick jann,6.473513583608896,1.0
jorma taccone,6.30684691694223,1.0
jeff lowell,6.25684691694223,1.0
lorene scafaria,6.50684691694223,1.0
marcus dunstan,6.4068469169422295,1.0
timothy björklund,6.356846916942229,1.0
françois girard,6.673513583608897,1.0
scott kalvert,6.3235135836088965,1.0
jason bateman,6.50684691694223,1.0
david schwimmer,6.56301164309334,2.0
allan arkush,6.090180250275563,1.0
eric bross,5.991583071664769,2.0
dan fogelman,6.5735135836088965,1.0
jay duplass,6.415675722405931,4.0
luca guadagnino,6.55684691694223,1.0
john putch,6.30684691694223,1.0
peter medak,6.4901802502755634,1.0
terence davies,6.5735135836088965,1.0
harley cokeliss,6.3235135836088965,1.0
tom brady,5.940180250275563,1.0
jason zada,6.190180250275563,1.0
noah baumbach,6.815675722405931,4.0
eric blakeney,6.340180250275563,1.0
rakesh roshan,6.440180250275563,1.0
derrick borte,6.473513583608896,1.0
richard kwietniowski,6.6630116430933395,2.0
bob odenkirk,6.234440214521911,2.0
joshua seftel,6.340180250275563,1.0
vincent gallo,6.405868785950482,2.0
claude chabrol,6.505868785950483,2.0
jon stewart,6.4901802502755634,1.0
bigas luna,6.523513583608896,1.0
ralph fiennes,6.423513583608897,1.0
dan harris,6.606846916942229,1.0
mel smith,6.423513583608897,1.0
bobcat goldthwait,6.540180250275562,1.0
jake scott,6.55684691694223,1.0
alan metter,5.940180250275563,1.0
rafa lara,6.423513583608897,1.0
arthur hiller,5.973513583608896,1.0
michael meredith,6.30684691694223,1.0
julio depietro,6.373513583608896,1.0
katherine dieckmann,6.173513583608897,1.0
kim farrant,6.25684691694223,1.0
scott marshall,5.948725928807625,2.0
álex de la iglesia,6.4068469169422295,1.0
andrew traucki,6.356846916942229,1.0
michael clancy,6.50684691694223,1.0
robert adetuyi,6.140180250275563,1.0
kari skogland,6.540180250275562,1.0
taedong park,6.190180250275563,1.0
benedikt erlingsson,6.540180250275562,1.0
gurinder chadha,6.330135187706672,3.0
jason connery,6.023513583608896,1.0
vic sarin,6.648725928807626,2.0
jim issa,6.25684691694223,1.0
william phillips,6.473513583608896,1.0
andy garcia,6.50684691694223,1.0
sarik andreasyan,6.25684691694223,1.0
julian gilbey,6.377297357379054,2.0
gary sherman,6.140180250275563,1.0
valeri milev,6.2401802502755634,1.0
stanley kramer,6.891583071664768,2.0
pedro almodóvar,6.6568469169422295,1.0
gerald potterton,6.50684691694223,1.0
anurag basu,6.390180250275563,1.0
kriv stenders,6.640180250275563,1.0
yash chopra,6.734440214521911,2.0
floria sigismondi,6.4901802502755634,1.0
ferzan ozpetek,6.606846916942229,1.0
kris isacsson,6.206846916942229,1.0
ben younger,6.55684691694223,1.0
daniel taplitz,6.30684691694223,1.0
tamara jenkins,6.591583071664767,2.0
linda mendoza,6.190180250275563,1.0
hart bochner,6.473513583608896,1.0
stewart raffill,5.920154500236197,2.0
hong-jin na,6.673513583608897,1.0
chatrichalerm yukol,6.4901802502755634,1.0
dario argento,6.4068469169422295,1.0
eric lavaine,6.4068469169422295,1.0
marc forby,6.423513583608897,1.0
ole christian madsen,6.606846916942229,1.0
meiert avis,6.090180250275563,1.0
andré téchiné,6.390180250275563,1.0
emily young,6.473513583608896,1.0
peter faiman,6.473513583608896,1.0
martyn pick,6.340180250275563,1.0
roland suso richter,6.4068469169422295,1.0
jeremy sims,6.5735135836088965,1.0
maïwenn,6.606846916942229,1.0
joby harold,6.473513583608896,1.0
ekachai uekrongtham,6.340180250275563,1.0
mark rydell,6.540180250275562,1.0
david e. talbert,6.223513583608896,1.0
roger vadim,6.373513583608896,1.0
nils gaup,6.50684691694223,1.0
ari sandel,6.473513583608896,1.0
vondie curtis-hall,5.7401802502755634,1.0
tom elkins,6.273513583608896,1.0
woo-suk kang,6.590180250275563,1.0
john sayles,6.637897944628153,4.0
vipul amrutlal shah,6.606846916942229,1.0
ken loach,6.640180250275563,1.0
ayan mukerji,6.540180250275562,1.0
mervyn leroy,6.590180250275563,1.0
serdar akar,6.390180250275563,1.0
james frawley,6.673513583608897,1.0
dan gilroy,6.706846916942229,1.0
jonathan dayton,6.706846916942229,1.0
chris stokes,5.720154500236197,2.0
don siegel,6.6568469169422295,1.0
martin lawrence,6.3235135836088965,1.0
masayuki ochiai,6.25684691694223,1.0
tom gormican,6.4068469169422295,1.0
ken shapiro,6.223513583608896,1.0
justin tipping,6.690180250275563,1.0
peter r. hunt,6.523513583608896,1.0
doug atchison,6.640180250275563,1.0
jonas elmer,6.3235135836088965,1.0
mary harron,6.6568469169422295,1.0
erik canuel,6.55684691694223,1.0
troy duffy,6.648725928807626,2.0
nicole holofcener,6.564108150165337,5.0
matty rich,6.391583071664768,2.0
fina torres,6.273513583608896,1.0
duke johnson,6.606846916942229,1.0
françois ozon,6.6058687859504825,2.0
anna boden,6.620154500236197,2.0
steve james,6.777297357379054,2.0
michael winner,6.05684691694223,1.0
tomm moore,6.673513583608897,1.0
john carney,6.805868785950482,2.0
david jacobson,6.473513583608896,1.0
michael corrente,6.448725928807625,2.0
edward hall,6.590180250275563,1.0
keith gordon,6.3235135836088965,1.0
andrew currie,6.523513583608896,1.0
andrew wilson,6.30684691694223,1.0
marc schölermann,6.390180250275563,1.0
robert moresco,6.456846916942229,1.0
thomas vinterberg,6.917635187706672,3.0
claudia llosa,6.273513583608896,1.0
charles binamé,6.673513583608897,1.0
keith parmer,6.1568469169422295,1.0
ol parker,6.5676351877066725,3.0
james nunn,6.290180250275562,1.0
david webb peoples,6.473513583608896,1.0
michael winnick,6.090180250275563,1.0
stanley tong,6.50684691694223,1.0
david oelhoffen,6.606846916942229,1.0
eli roth,6.1301351877066725,3.0
tony richardson,6.448725928807625,2.0
charles robert carner,5.9068469169422295,1.0
russell holt,6.540180250275562,1.0
claude miller,6.540180250275562,1.0
sacha bennett,6.190180250275563,1.0
rodrigo garcía,6.6058687859504825,2.0
jeta amata,6.3235135836088965,1.0
siddharth anand,6.290180250275562,1.0
vincent paronnaud,6.723513583608896,1.0
dennis gansel,6.6568469169422295,1.0
daniel barber,6.590180250275563,1.0
robert marcarelli,5.973513583608896,1.0
ernie barbarash,6.177297357379054,2.0
guy hamilton,6.731007409241216,6.0
adam brooks,6.590180250275563,1.0
michael anderson,6.523513583608896,1.0
don kempf,6.640180250275563,1.0
matt bettinelli-olpin,6.05684691694223,1.0
sharron miller,6.0735135836088965,1.0
aaron schneider,6.5735135836088965,1.0
tom ford,6.6568469169422295,1.0
tony maylam,6.423513583608897,1.0
mitch davis,6.277297357379054,2.0
kevin brodie,6.440180250275563,1.0
lynne ramsay,6.648725928807626,2.0
john stephenson,6.356846916942229,1.0
tim chambers,6.473513583608896,1.0
dick richards,6.440180250275563,1.0
bob gosse,6.273513583608896,1.0
alex zamm,5.773513583608896,1.0
spencer susser,6.5735135836088965,1.0
thaddeus o'sullivan,6.50684691694223,1.0
shari springer berman,6.5344402145219105,2.0
aleksey german,6.50684691694223,1.0
stephen milburn anderson,6.390180250275563,1.0
richard e. grant,6.540180250275562,1.0
david lam,6.273513583608896,1.0
vladlen barbe,6.273513583608896,1.0
richard rich,6.390180250275563,1.0
robert c. cooper,6.623513583608896,1.0
kim nguyen,6.590180250275563,1.0
jackie earle haley,6.356846916942229,1.0
max färberböck,6.606846916942229,1.0
arie posin,6.55684691694223,1.0
damian nieman,6.456846916942229,1.0
mark tonderai,6.3235135836088965,1.0
ian fitzgibbon,6.456846916942229,1.0
rachel perkins,6.440180250275563,1.0
luis valdez,6.523513583608896,1.0
alan alda,6.590180250275563,1.0
louis morneau,5.9901802502755634,1.0
caroline link,6.673513583608897,1.0
sterling van wagenen,6.4901802502755634,1.0
zal batmanglij,6.56301164309334,2.0
hans petter moland,6.606846916942229,1.0
oren moverman,6.590180250275563,1.0
ian sharp,6.473513583608896,1.0
wolfgang becker,6.673513583608897,1.0
dan o'bannon,6.606846916942229,1.0
george roy hill,6.963011643093339,2.0
robert stevenson,6.690180250275563,1.0
jerome robbins,6.6568469169422295,1.0
gary hardwick,6.440180250275563,1.0
king vidor,6.717635187706673,3.0
fred savage,5.873513583608896,1.0
sammo kam-bo hung,6.423513583608897,1.0
rusty cundieff,6.4068469169422295,1.0
dominique othenin-girard,6.25684691694223,1.0
jean-jacques mantello,6.473513583608896,1.0
risa bramon garcia,6.373513583608896,1.0
brian klugman,6.5735135836088965,1.0
matt piedmont,6.30684691694223,1.0
raymond de felitta,6.623513583608896,1.0
john michael mcdonagh,6.606846916942229,1.0
deb hagan,6.1568469169422295,1.0
zach cregger,6.2401802502755634,1.0
zach braff,6.6630116430933395,2.0
mark tarlov,6.273513583608896,1.0
john cameron mitchell,6.705135187706672,3.0
jon knautz,6.155135187706672,3.0
david atkins,6.356846916942229,1.0
patrick stettner,6.377297357379054,2.0
sam peckinpah,6.871231277961487,4.0
michael crichton,6.55684691694223,1.0
sylvio tabet,6.023513583608896,1.0
rick bieber,6.340180250275563,1.0
joey lauren adams,6.423513583608897,1.0
fred zinnemann,7.114108150165338,5.0
s.r. bindler,6.173513583608897,1.0
greg marcks,6.590180250275563,1.0
perry lang,6.356846916942229,1.0
jake goldberger,6.373513583608896,1.0
william kaufman,6.134440214521911,2.0
cédric klapisch,6.648725928807626,2.0
kate barker-froyland,6.356846916942229,1.0
martin koolhoven,6.5735135836088965,1.0
charles matthau,6.473513583608896,1.0
christopher m. bessette,6.290180250275562,1.0
prachya pinkaew,6.5735135836088965,1.0
gary sinyor,6.456846916942229,1.0
ashish r. mohan,6.106846916942229,1.0
darren grant,6.3235135836088965,1.0
joseph gordon-levitt,6.4901802502755634,1.0
william sachs,5.956846916942229,1.0
christophe barratier,6.706846916942229,1.0
émile gaudreault,6.50684691694223,1.0
james cox,6.367635187706672,3.0
james toback,6.120154500236197,2.0
aki kaurismäki,6.590180250275563,1.0
hitoshi matsumoto,6.4068469169422295,1.0
rakeysh omprakash mehra,6.790180250275562,1.0
collin schiffli,6.423513583608897,1.0
george ratliff,6.273513583608896,1.0
shane meadows,6.949009055739264,4.0
jon wright,6.440180250275563,1.0
michael mcgowan,6.6568469169422295,1.0
liv ullmann,6.3235135836088965,1.0
rohan sippy,6.423513583608897,1.0
dan trachtenberg,6.606846916942229,1.0
david f. sandberg,6.526786833517042,4.0
stiles white,6.123513583608896,1.0
eugenio derbez,6.6568469169422295,1.0
henry koster,6.523513583608896,1.0
patty jenkins,6.720154500236197,2.0
christopher landon,6.234440214521911,2.0
david gelb,6.25684691694223,1.0
mike flanagan,6.377297357379054,2.0
nat faxon,6.623513583608896,1.0
george jackson,6.2401802502755634,1.0
maurice joyce,6.223513583608896,1.0
robert duvall,6.590180250275563,1.0
frank perry,6.50684691694223,1.0
jesse peretz,6.320154500236197,2.0
ice cube,6.3235135836088965,1.0
richard glatzer,6.705868785950483,2.0
michael curtiz,6.830135187706672,3.0
bruce malmuth,6.456846916942229,1.0
rob hedden,6.140180250275563,1.0
harmony korine,6.273513583608896,1.0
joe chappelle,6.206846916942229,1.0
mickey liddell,6.023513583608896,1.0
fred walton,6.423513583608897,1.0
steve carver,6.440180250275563,1.0
gonzalo lópez-gallego,6.25684691694223,1.0
christine jeffs,6.540180250275562,1.0
don coscarelli,6.530135187706672,3.0
michael tiddes,5.705135187706672,3.0
bill duke,6.4068469169422295,1.0
frank borzage,6.4901802502755634,1.0
mamoru hosoda,6.373513583608896,1.0
brian dannelly,6.540180250275562,1.0
denys arcand,6.673513583608897,1.0
j.s. cardone,6.273513583608896,1.0
jay levey,6.55684691694223,1.0
nicholaus goossen,6.55684691694223,1.0
ronan chapalain,6.540180250275562,1.0
xavier beauvois,6.590180250275563,1.0
randall miller,6.6058687859504825,2.0
jerry belson,6.423513583608897,1.0
dan rush,6.456846916942229,1.0
michael cuesta,6.648725928807626,2.0
fenton bailey,6.491583071664769,2.0
jeremy saulnier,6.648725928807626,2.0
billy kent,6.3235135836088965,1.0
james manera,6.123513583608896,1.0
feroz abbas khan,6.623513583608896,1.0
errol morris,6.640180250275563,1.0
dennis hopper,6.590180250275563,1.0
eli craig,6.6568469169422295,1.0
nicholas fackler,6.606846916942229,1.0
richard wallace,6.423513583608897,1.0
morgan j. freeman,6.434440214521912,2.0
matthew hastings,6.1568469169422295,1.0
klaus menzel,5.940180250275563,1.0
oren peli,6.120154500236197,2.0
paul andrew williams,6.505868785950483,2.0
jim amatulli,6.140180250275563,1.0
william h. macy,6.640180250275563,1.0
barrett esposito,6.50684691694223,1.0
vicky jewson,6.123513583608896,1.0
marc bennett,6.50684691694223,1.0
mike mayhall,6.8235135836088965,1.0
stanton barrett,5.956846916942229,1.0
jirí menzel,6.623513583608896,1.0
fatih akin,6.606846916942229,1.0
nick murphy,6.473513583608896,1.0
frank laloggia,6.50684691694223,1.0
jeremy brock,6.523513583608896,1.0
scott foley,6.290180250275562,1.0
christophe ali,6.290180250275562,1.0
gabriela tagliavini,5.923513583608897,1.0
shekar,6.5735135836088965,1.0
shona auerbach,6.690180250275563,1.0
leonard farlinger,6.273513583608896,1.0
michel leclerc,6.590180250275563,1.0
analeine cal y mayor,6.423513583608897,1.0
tom kalin,6.373513583608896,1.0
john huston,6.734440214521911,2.0
walter lang,6.56301164309334,2.0
carlos saura,6.590180250275563,1.0
andrew erwin,6.36301164309334,2.0
beto gómez,6.390180250275563,1.0
mike van diem,6.690180250275563,1.0
jonas åkerlund,6.463011643093339,2.0
todd solondz,6.767635187706672,3.0
rené féret,6.456846916942229,1.0
barry skolnick,6.473513583608896,1.0
johnnie to,6.606846916942229,1.0
mateo gil,6.4901802502755634,1.0
lukas moodysson,6.706846916942229,1.0
agnieszka wojtowicz-vosloo,6.373513583608896,1.0
kabir sadanand,6.173513583608897,1.0
peter deluise,6.373513583608896,1.0
raja menon,6.80684691694223,1.0
nick love,6.191583071664768,2.0
r. balki,6.590180250275563,1.0
ivan engler,6.423513583608897,1.0
cecil b. demille,6.50684691694223,1.0
henry hobson,6.3235135836088965,1.0
mike figgis,6.4772973573790535,2.0
duane journey,6.106846916942229,1.0
billy wilder,7.137897944628154,4.0
lisa cholodenko,6.5735135836088965,1.0
john sturges,6.773513583608896,1.0
william arntz,6.290180250275562,1.0
ed gass-donnelly,6.05684691694223,1.0
dj pooh,5.848725928807625,2.0
james melkonian,6.1568469169422295,1.0
roger avary,6.505868785950483,2.0
allison anders,6.448725928807625,2.0
rick de oliveira,5.840180250275563,1.0
jeff franklin,6.356846916942229,1.0
mike mills,6.591583071664767,2.0
dave mckean,6.540180250275562,1.0
ron fricke,6.80684691694223,1.0
ruggero deodato,6.190180250275563,1.0
gavin wiesen,6.4901802502755634,1.0
mora stephens,6.340180250275563,1.0
mars callahan,6.55684691694223,1.0
leos carax,6.5735135836088965,1.0
stefan schwartz,6.4901802502755634,1.0
robert lee king,6.440180250275563,1.0
jorge ramírez suárez,6.673513583608897,1.0
dan ireland,6.223513583608896,1.0
fernando león de aranoa,6.673513583608897,1.0
jim mickle,6.473513583608896,1.0
karim aïnouz,6.4068469169422295,1.0
sam levinson,6.390180250275563,1.0
aleksandr veledinskiy,6.640180250275563,1.0
peter h. hunt,6.6568469169422295,1.0
ruba nadda,6.25684691694223,1.0
howard hughes,6.690180250275563,1.0
edward burns,6.449009055739264,4.0
sean byrne,6.50684691694223,1.0
mark griffiths,6.440180250275563,1.0
bruce macdonald,6.173513583608897,1.0
victor fleming,6.955135187706672,3.0
richard raymond,6.390180250275563,1.0
alan jacobs,6.606846916942229,1.0
george sidney,6.605135187706672,3.0
christopher morris,6.606846916942229,1.0
andrucha waddington,6.640180250275563,1.0
peter stebbings,6.523513583608896,1.0
vincente minnelli,6.5735135836088965,1.0
dagur kári,6.540180250275562,1.0
jim abrahams,6.690180250275563,1.0
kevin carraway,5.973513583608896,1.0
michael gornick,6.390180250275563,1.0
richard brooks,7.060120166850376,4.0
robert eggers,6.771231277961487,4.0
michael martin,6.040180250275562,1.0
gideon raff,6.190180250275563,1.0
louis c.k.,6.25684691694223,1.0
anthony c. ferrante,5.940180250275563,1.0
salvador carrasco,6.523513583608896,1.0
andré øvredal,6.55684691694223,1.0
robert cary,6.473513583608896,1.0
adam rapp,6.456846916942229,1.0
warren p. sonoda,6.173513583608897,1.0
amanda gusack,6.4068469169422295,1.0
avi nesher,6.30684691694223,1.0
charles adelman,6.190180250275563,1.0
jay oliva,6.790180250275562,1.0
charles ferguson,6.992635187706672,3.0
mark young,6.290180250275562,1.0
daniel petrie jr.,6.190180250275563,1.0
antonio simoncini,5.9068469169422295,1.0
luc jacquet,6.6568469169422295,1.0
eldar rapaport,6.4068469169422295,1.0
clark gregg,6.473513583608896,1.0
damien chazelle,6.974108150165338,5.0
justin kerrigan,6.5735135836088965,1.0
nathan frankowski,6.4901802502755634,1.0
karen moncrieff,6.5344402145219105,2.0
jennifer finnigan,6.140180250275563,1.0
eric styles,6.456846916942229,1.0
laurent cantet,6.640180250275563,1.0
john ford,6.949009055739264,4.0
max mayer,6.590180250275563,1.0
joshua marston,6.640180250275563,1.0
john gulager,6.456846916942229,1.0
brandon cronenberg,6.340180250275563,1.0
frank capra,7.264108150165337,5.0
tod williams,6.340180250275563,1.0
jack sholder,6.290180250275562,1.0
ted post,6.491583071664769,2.0
kunihiko yuyama,6.3235135836088965,1.0
tom mcloughlin,6.373513583608896,1.0
adam marcus,6.106846916942229,1.0
john maclean,6.540180250275562,1.0
benny boom,6.373513583608896,1.0
howard hawks,6.690180250275563,1.0
nnegest likké,5.890180250275563,1.0
christopher leitch,5.923513583608897,1.0
patricia cardoso,6.520154500236196,2.0
damien o'donnell,6.540180250275562,1.0
peter m. cohen,6.123513583608896,1.0
mel stuart,6.690180250275563,1.0
anthony hickox,6.273513583608896,1.0
tom schulman,6.273513583608896,1.0
jill sprecher,6.548725928807626,2.0
darren stein,6.191583071664768,2.0
david nixon,6.440180250275563,1.0
jason eisener,6.4068469169422295,1.0
enrique begne,6.223513583608896,1.0
matthew bright,6.540180250275562,1.0
michael landon jr.,6.491583071664769,2.0
andrea arnold,6.606846916942229,1.0
whit stillman,6.505868785950483,2.0
leslye headland,6.273513583608896,1.0
bobby roth,6.223513583608896,1.0
tim heidecker,6.273513583608896,1.0
kate connor,6.373513583608896,1.0
deon taylor,6.0735135836088965,1.0
jason alexander,6.50684691694223,1.0
conor mcpherson,6.423513583608897,1.0
will canon,6.273513583608896,1.0
philip zlotorynski,5.940180250275563,1.0
lance kawas,6.423513583608897,1.0
francesca gregorini,6.373513583608896,1.0
marcio garcia,6.30684691694223,1.0
craig moss,5.377297357379054,2.0
michael jai white,6.356846916942229,1.0
paolo monico,6.2401802502755634,1.0
youssef delara,6.177297357379054,2.0
darin scott,6.190180250275563,1.0
christian sesma,6.040180250275562,1.0
monte hellman,6.423513583608897,1.0
brian caunter,6.423513583608897,1.0
chris d'arienzo,6.373513583608896,1.0
isaac florentine,6.206846916942229,1.0
susan seidelman,6.473513583608896,1.0
heidi ewing,6.456846916942229,1.0
leon ford,6.4068469169422295,1.0
hank braxtan,6.05684691694223,1.0
john carl buechler,6.273513583608896,1.0
rajkumar hirani,6.75684691694223,1.0
victor nunez,6.6630116430933395,2.0
rohit jugraj,6.4901802502755634,1.0
thorbjørn christoffersen,6.340180250275563,1.0
alex van warmerdam,6.55684691694223,1.0
pawel pawlikowski,6.648725928807626,2.0
frank sebastiano,6.390180250275563,1.0
stacy peralta,6.848725928807625,2.0
nacho vigalondo,6.590180250275563,1.0
hao ning,6.777297357379054,2.0
tony giglio,6.273513583608896,1.0
stanley donen,6.773513583608896,1.0
joe cross,6.6568469169422295,1.0
dinesh d'souza,6.2401802502755634,1.0
tommy lee wallace,6.1568469169422295,1.0
don taylor,6.440180250275563,1.0
leslie small,6.648725928807626,2.0
éric tessier,6.4901802502755634,1.0
alison maclean,6.55684691694223,1.0
alice wu,6.6568469169422295,1.0
sarah gavron,6.50684691694223,1.0
isabel coixet,6.6568469169422295,1.0
james ponsoldt,6.5735135836088965,1.0
joshua tickell,6.6568469169422295,1.0
tim boxell,6.4901802502755634,1.0
michael d. sellers,6.340180250275563,1.0
reed cowan,6.5735135836088965,1.0
james dodson,6.423513583608897,1.0
alex rivera,6.373513583608896,1.0
john murlowski,6.356846916942229,1.0
benni diez,6.223513583608896,1.0
danny perez,6.440180250275563,1.0
robby henson,6.2401802502755634,1.0
zackary adler,6.223513583608896,1.0
dominic burns,5.9068469169422295,1.0
carmen marron,6.040180250275562,1.0
jason stone,6.356846916942229,1.0
jerry rees,6.606846916942229,1.0
jaco booyens,6.540180250275562,1.0
danny steinmann,6.173513583608897,1.0
jon gunn,6.305135187706672,3.0
hayley cloake,6.106846916942229,1.0
tay garnett,6.640180250275563,1.0
shyam madiraju,6.190180250275563,1.0
harmage singh kalirai,6.356846916942229,1.0
rita merson,6.273513583608896,1.0
william wyler,6.7401802502755634,1.0
larry clark,6.620154500236197,2.0
petter næss,6.6568469169422295,1.0
robert fontaine,6.590180250275563,1.0
dan perri,6.50684691694223,1.0
neil mcenery-west,6.190180250275563,1.0
anthony o'brien,6.30684691694223,1.0
michael herz,6.234440214521911,2.0
david robert mitchell,6.540180250275562,1.0
robert mulligan,6.790180250275562,1.0
chia-liang liu,6.6568469169422295,1.0
chris kentis,6.191583071664768,2.0
alex kendrick,6.60456461129482,4.0
robert rossen,6.723513583608896,1.0
jack conway,6.5735135836088965,1.0
sylvain chomet,6.690180250275563,1.0
chris eyre,6.590180250275563,1.0
elia kazan,6.992635187706672,3.0
debra granik,6.590180250275563,1.0
henry king,6.55684691694223,1.0
miranda july,6.623513583608896,1.0
max joseph,6.4068469169422295,1.0
jim jarmusch,6.640180250275563,1.0
kevin tenney,6.340180250275563,1.0
ari folman,6.723513583608896,1.0
gary rogers,5.940180250275563,1.0
marielle heller,6.540180250275562,1.0
david sington,6.7401802502755634,1.0
kelly reichardt,6.580135187706672,3.0
bob giraldi,6.606846916942229,1.0
huck botko,6.1568469169422295,1.0
david duchovny,6.55684691694223,1.0
mitchell lichtenstein,6.290180250275562,1.0
lance mungia,6.50684691694223,1.0
kundan shah,5.856846916942229,1.0
hue rhodes,6.356846916942229,1.0
jugal hansraj,6.273513583608896,1.0
danny provenzano,6.290180250275562,1.0
bill muir,6.190180250275563,1.0
noah buschel,6.423513583608897,1.0
brian yuzna,6.373513583608896,1.0
hunter richards,6.4901802502755634,1.0
laurie collyer,6.4901802502755634,1.0
aaron hann,6.390180250275563,1.0
phil claydon,6.25684691694223,1.0
ralph ziman,6.690180250275563,1.0
john simpson,6.456846916942229,1.0
colin minihan,6.4068469169422295,1.0
conor mcmahon,6.340180250275563,1.0
chris shadley,6.30684691694223,1.0
simon napier-bell,6.623513583608896,1.0
simon yin,6.040180250275562,1.0
jeff crook,6.1568469169422295,1.0
orson welles,6.673513583608897,1.0
dave payne,6.206846916942229,1.0
brad copeland,6.4901802502755634,1.0
paul bunnell,6.340180250275563,1.0
phil morrison,6.3235135836088965,1.0
harald reinl,6.390180250275563,1.0
tanner beard,6.123513583608896,1.0
scott dow,5.956846916942229,1.0
derick martini,6.140180250275563,1.0
jerry dugan,5.956846916942229,1.0
tim hunter,6.5735135836088965,1.0
richard ayoade,6.606846916942229,1.0
jehane noujaim,6.7401802502755634,1.0
pascal arnold,6.356846916942229,1.0
remo,6.456846916942229,1.0
john laing,6.440180250275563,1.0
jamal hill,6.590180250275563,1.0
daniel stamm,6.3235135836088965,1.0
carlos carrera,6.523513583608896,1.0
benh zeitlin,6.606846916942229,1.0
j. lee thompson,6.277297357379054,2.0
maggie greenwald,6.606846916942229,1.0
vera farmiga,6.440180250275563,1.0
vijay chandar,6.2401802502755634,1.0
jonathan wacks,6.4068469169422295,1.0
khyentse norbu,6.640180250275563,1.0
tony krantz,6.273513583608896,1.0
mitchell altieri,6.840180250275563,1.0
w.d. hogan,5.956846916942229,1.0
corey grant,6.290180250275562,1.0
lucky mckee,6.50684691694223,1.0
richard boddington,6.173513583608897,1.0
david hunt,6.440180250275563,1.0
steven r. monroe,6.440180250275563,1.0
mark illsley,6.440180250275563,1.0
ritesh batra,6.690180250275563,1.0
sally potter,6.540180250275562,1.0
brad j. silverman,6.4068469169422295,1.0
dave meyers,6.106846916942229,1.0
david m. matthews,5.973513583608896,1.0
nadine labaki,6.590180250275563,1.0
lluís quílez,6.173513583608897,1.0
eytan fox,6.606846916942229,1.0
romesh sharma,6.2401802502755634,1.0
françois truffaut,6.590180250275563,1.0
adam goldberg,6.290180250275562,1.0
travis zariwny,6.00684691694223,1.0
adrienne shelly,6.5735135836088965,1.0
newt arnold,6.523513583608896,1.0
alex cox,6.540180250275562,1.0
fabián bielinsky,6.706846916942229,1.0
dror moreh,6.6568469169422295,1.0
rebecca miller,6.50684691694223,1.0
maggie carey,6.356846916942229,1.0
henry bean,6.590180250275563,1.0
simeon rice,6.30684691694223,1.0
jeff garlin,6.423513583608897,1.0
qasim basir,6.50684691694223,1.0
adam green,6.340180250275563,1.0
charles chaplin,6.8235135836088965,1.0
pete jones,6.473513583608896,1.0
bruce campbell,6.440180250275563,1.0
adam carolla,6.4068469169422295,1.0
bruce mcdonald,6.50684691694223,1.0
james mottern,6.50684691694223,1.0
jaime zevallos,6.6568469169422295,1.0
gerard johnstone,6.523513583608896,1.0
robert greenwald,6.691583071664768,2.0
david ray,6.523513583608896,1.0
dave rodriguez,6.440180250275563,1.0
nae caranfil,6.5735135836088965,1.0
david winning,5.856846916942229,1.0
frank lotito,6.75684691694223,1.0
timothy woodward jr.,5.9068469169422295,1.0
tara subkoff,5.940180250275563,1.0
russell friedenberg,5.9901802502755634,1.0
william cottrell,6.673513583608897,1.0
lucrecia martel,6.50684691694223,1.0
edward dmytryk,6.30684691694223,1.0
zak penn,6.4901802502755634,1.0
alex ranarivelo,6.190180250275563,1.0
mathieu amalric,6.440180250275563,1.0
david worth,6.540180250275562,1.0
leslie h. martinson,6.473513583608896,1.0
robert m. young,6.5735135836088965,1.0
steve buscemi,6.591583071664767,2.0
ham tran,6.623513583608896,1.0
rich cowan,6.473513583608896,1.0
boris rodriguez,6.340180250275563,1.0
sadyk sher-niyaz,6.840180250275563,1.0
paul donovan,6.106846916942229,1.0
jonathan kesselman,6.423513583608897,1.0
arjun sablok,5.940180250275563,1.0
tyler oliver,6.25684691694223,1.0
douglas cheek,6.30684691694223,1.0
deryck broom,6.00684691694223,1.0
henry hathaway,6.5735135836088965,1.0
giovanni zelko,6.6568469169422295,1.0
claudia sainte-luce,6.55684691694223,1.0
jamie babbit,6.4772973573790535,2.0
david boyd,6.390180250275563,1.0
anna muylaert,6.706846916942229,1.0
steve taylor,6.390180250275563,1.0
kurt voss,6.4068469169422295,1.0
james david pasternak,6.423513583608897,1.0
laurent bouhnik,6.3235135836088965,1.0
tom sanchez,6.590180250275563,1.0
david caffrey,6.4068469169422295,1.0
adam jay epstein,6.023513583608896,1.0
justin thomas ostensen,6.140180250275563,1.0
brenton spencer,6.023513583608896,1.0
ossie davis,6.4901802502755634,1.0
jay alaimo,6.1568469169422295,1.0
dylan bank,6.090180250275563,1.0
rob mckittrick,6.523513583608896,1.0
jeff burr,6.373513583608896,1.0
harry gantz,6.173513583608897,1.0
guy maddin,6.55684691694223,1.0
regardt van den bergh,6.540180250275562,1.0
panos cosmatos,6.4068469169422295,1.0
gareth evans,6.6568469169422295,1.0
matthew r. anderson,5.890180250275563,1.0
joe marino,5.8235135836088965,1.0
joel anderson,6.4068469169422295,1.0
shimit amin,6.640180250275563,1.0
douglas trumbull,6.50684691694223,1.0
mona fastvold,6.206846916942229,1.0
levan gabriadze,6.340180250275563,1.0
bradley parker,6.223513583608896,1.0
clive barker,6.55684691694223,1.0
harold cronk,5.956846916942229,1.0
takao okawara,6.390180250275563,1.0
duncan tucker,6.623513583608896,1.0
russ meyer,6.423513583608897,1.0
robert d. webb,6.423513583608897,1.0
allan dwan,6.590180250275563,1.0
andrew steggall,6.55684691694223,1.0
ben lewin,6.590180250275563,1.0
robert kenner,6.706846916942229,1.0
craig johnson,6.523513583608896,1.0
sean durkin,6.540180250275562,1.0
gillian robespierre,6.523513583608896,1.0
courtney hunt,6.590180250275563,1.0
morgan neville,6.623513583608896,1.0
chris paine,6.673513583608897,1.0
greg berlanti,6.55684691694223,1.0
marc levin,6.590180250275563,1.0
richard dutcher,6.590180250275563,1.0
khalid mohamed,6.423513583608897,1.0
finn taylor,6.55684691694223,1.0
josé luis valenzuela,5.9901802502755634,1.0
gia coppola,6.440180250275563,1.0
scandar copti,6.623513583608896,1.0
goran dukic,6.623513583608896,1.0
mike cahill,6.6630116430933395,2.0
efram potelle,6.4068469169422295,1.0
joshua oppenheimer,6.75684691694223,1.0
alex gibney,6.673513583608897,1.0
paul crowder,6.606846916942229,1.0
rohit jagessar,6.623513583608896,1.0
anthony powell,6.6568469169422295,1.0
kief davidson,6.523513583608896,1.0
johnny remo,6.3235135836088965,1.0
vivek agnihotri,6.190180250275563,1.0
ti west,6.320154500236197,2.0
nick tomnay,6.523513583608896,1.0
nickolas perry,6.25684691694223,1.0
dan zukovic,6.540180250275562,1.0
becky smith,6.440180250275563,1.0
eric nicholas,6.4068469169422295,1.0
benjamin dickinson,6.30684691694223,1.0
hal haberman,6.540180250275562,1.0
a. raven cruz,5.706846916942229,1.0
frank whaley,6.290180250275562,1.0
amat escalante,6.523513583608896,1.0
wajahat rauf,6.55684691694223,1.0
katherine brooks,6.50684691694223,1.0
david cross,6.356846916942229,1.0
randall rubin,6.423513583608897,1.0
robert bennett,5.856846916942229,1.0
mary pat kelly,6.356846916942229,1.0
lori petty,6.473513583608896,1.0
charlie levi,6.4068469169422295,1.0
kevin hamedani,6.2401802502755634,1.0
david decoteau,5.4772973573790535,2.0
mikel rueda,6.590180250275563,1.0
stefan c. schaefer,6.340180250275563,1.0
michael taliferro,5.956846916942229,1.0
katie aselton,6.173513583608897,1.0
robert heath,6.3235135836088965,1.0
d. stevens,6.040180250275562,1.0
jeffrey st. jules,6.290180250275562,1.0
robert hall,6.25684691694223,1.0
k. king,5.973513583608896,1.0
jonathan meyers,6.273513583608896,1.0
ralph nelson,6.5735135836088965,1.0
blair erickson,6.30684691694223,1.0
allison burnett,6.390180250275563,1.0
richard schenkman,6.448725928807625,2.0
sanjay rawal,6.5735135836088965,1.0
kat coiro,6.340180250275563,1.0
cristian mungiu,6.706846916942229,1.0
brian dorton,6.606846916942229,1.0
maryam keshavarz,6.373513583608896,1.0
ramaa mosley,6.456846916942229,1.0
c. jay cox,6.463011643093339,2.0
mariette monpierre,6.50684691694223,1.0
tommy oliver,6.5735135836088965,1.0
jamie travis,6.390180250275563,1.0
rich christiano,6.3235135836088965,1.0
natalie bible',5.923513583608897,1.0
asghar farhadi,6.790180250275562,1.0
justin molotnikov,6.540180250275562,1.0
georg wilhelm pabst,6.723513583608896,1.0
daniel davila,6.623513583608896,1.0
jorge gaggero,6.590180250275563,1.0
michael burke,6.590180250275563,1.0
catherine jelski,6.090180250275563,1.0
shane dawson,6.2401802502755634,1.0
ryan little,6.523513583608896,1.0
clark baker,6.423513583608897,1.0
matt maiellaro,6.540180250275562,1.0
ben wheatley,6.448725928807625,2.0
oliver blackburn,6.25684691694223,1.0
christopher hutson,5.9068469169422295,1.0
david lachapelle,6.5735135836088965,1.0
caryn waechter,6.440180250275563,1.0
emily dell,6.05684691694223,1.0
ryan fleck,6.590180250275563,1.0
jennifer wynne farmer,6.473513583608896,1.0
christopher scott cherot,6.473513583608896,1.0
h.m. coakley,6.206846916942229,1.0
randy moore,6.25684691694223,1.0
chris atkins,6.623513583608896,1.0
bill benenson,6.623513583608896,1.0
ryan smith,6.290180250275562,1.0
travis romero,6.040180250275562,1.0
anna mastro,6.273513583608896,1.0
mark sandrich,6.690180250275563,1.0
daniel myrick,6.456846916942229,1.0
michael wadleigh,6.7401802502755634,1.0
gene teigland,6.3235135836088965,1.0
scott ziehl,6.4901802502755634,1.0
richard montoya,6.440180250275563,1.0
johanna schwartz,6.673513583608897,1.0
william gazecki,6.648725928807626,2.0
lance mcdaniel,6.723513583608896,1.0
thomas lilti,6.590180250275563,1.0
michael walker,6.140180250275563,1.0
u. roberto romano,6.590180250275563,1.0
amy holden jones,6.4068469169422295,1.0
blaz zavrsnik,6.456846916942229,1.0
pan nalin,6.705868785950483,2.0
joe camp,6.4068469169422295,1.0
matt walsh,6.290180250275562,1.0
john 'bud' cardos,6.373513583608896,1.0
marilyn agrelo,6.640180250275563,1.0
brian baugh,6.5735135836088965,1.0
patrick creadon,6.623513583608896,1.0
barry w. blaustein,6.6568469169422295,1.0
kurt hale,6.391583071664768,2.0
siddiq barmak,6.623513583608896,1.0
joseph dorman,6.523513583608896,1.0
greg harrison,6.334440214521911,2.0
jacob aaron estes,6.606846916942229,1.0
eric schaeffer,6.390180250275563,1.0
neema barnette,6.273513583608896,1.0
joe swanberg,6.2915830716647685,2.0
molly bernstein,6.5735135836088965,1.0
marius a. markevicius,6.790180250275562,1.0
tom dicillo,6.356846916942229,1.0
quentin dupieux,6.356846916942229,1.0
alex smith,6.4068469169422295,1.0
gareth edwards,6.456846916942229,1.0
jonathan parker,6.223513583608896,1.0
sol tryon,6.473513583608896,1.0
alex craig mann,6.1568469169422295,1.0
stephen kijak,6.606846916942229,1.0
daston kalili,6.356846916942229,1.0
michael hoffman jr.,5.973513583608896,1.0
patrick gilles,6.640180250275563,1.0
georgia hilton,5.75684691694223,1.0
jack heller,6.4901802502755634,1.0
fernando baez mella,6.540180250275562,1.0
warren sheppard,6.05684691694223,1.0
justin paul miller,6.773513583608896,1.0
joel paul reisig,6.377297357379054,2.0
catherine gund,6.523513583608896,1.0
luke dye,6.25684691694223,1.0
alec asten,6.106846916942229,1.0
hans canosa,6.5735135836088965,1.0
lloyd kaufman,6.423513583608897,1.0
matthew watts,6.523513583608896,1.0
lloyd bacon,6.673513583608897,1.0
joe kenemore,6.75684691694223,1.0
kay pollak,6.6568469169422295,1.0
eric england,6.0735135836088965,1.0
sue corcoran,6.173513583608897,1.0
jonathan caouette,6.590180250275563,1.0
ray griggs,6.2401802502755634,1.0
matt jackson,6.290180250275562,1.0
lucio fulci,6.540180250275562,1.0
paul fox,6.4068469169422295,1.0
ari kirschenbaum,6.356846916942229,1.0
cassandra nicolaou,6.390180250275563,1.0
ingmar bergman,6.75684691694223,1.0
d.w. griffith,6.723513583608896,1.0
roger nygard,6.55684691694223,1.0
harry beaumont,6.440180250275563,1.0
franck khalfoun,6.4068469169422295,1.0
mor loushy,6.590180250275563,1.0
henry alex rubin,6.690180250275563,1.0
sam firstenberg,6.173513583608897,1.0
doug block,6.640180250275563,1.0
chad kapper,5.956846916942229,1.0
paul fierlinger,6.540180250275562,1.0
yorgos lanthimos,6.734440214521911,2.0
lauren lazin,6.723513583608896,1.0
gregory widen,6.4901802502755634,1.0
niall johnson,6.3235135836088965,1.0
eric mendelsohn,6.25684691694223,1.0
jean-luc godard,6.777297357379054,2.0
florence ayisi,6.640180250275563,1.0
michael roemer,6.7401802502755634,1.0
eddie o'flaherty,6.4901802502755634,1.0
babar ahmed,5.923513583608897,1.0
john d. hancock,6.4901802502755634,1.0
paul bartel,6.423513583608897,1.0
bruce dellis,6.190180250275563,1.0
pece dingo,6.140180250275563,1.0
jerome elston scott,6.590180250275563,1.0
étienne faure,6.106846916942229,1.0
herb freed,6.140180250275563,1.0
jack perez,6.456846916942229,1.0
craig zobel,6.456846916942229,1.0
ken del conte,6.106846916942229,1.0
maria maggenti,6.473513583608896,1.0
piyush dinker pandya,6.50684691694223,1.0
daniel columbie,6.106846916942229,1.0
emma-kate croghan,6.456846916942229,1.0
bill plympton,6.55684691694223,1.0
drake doremus,6.50684691694223,1.0
al franklin,6.106846916942229,1.0
michael kang,6.523513583608896,1.0
lori silverbush,6.540180250275562,1.0
stuart hazeldine,6.540180250275562,1.0
hilary brougher,6.440180250275563,1.0
rachel goldenberg,5.80684691694223,1.0
corbin bernsen,6.340180250275563,1.0
jamin winans,6.55684691694223,1.0
tom seidman,6.423513583608897,1.0
jason naumann,6.540180250275562,1.0
matt cimber,6.140180250275563,1.0
sam martin,6.690180250275563,1.0
andrew hyatt,6.123513583608896,1.0
kristin rizzo,6.723513583608896,1.0
ward roberts,6.473513583608896,1.0
zoran lisinac,6.5735135836088965,1.0
james o'brien,6.05684691694223,1.0
tom putnam,6.640180250275563,1.0
jon shear,6.55684691694223,1.0
al silliman jr.,6.05684691694223,1.0
eugène lourié,6.50684691694223,1.0
lowell sherman,6.473513583608896,1.0
maurizio benazzo,6.590180250275563,1.0
david g. evans,6.456846916942229,1.0
sherman alexie,6.540180250275562,1.0
justin dillon,6.640180250275563,1.0
stevan mena,6.2401802502755634,1.0
livingston oden,6.523513583608896,1.0
chris marker,6.623513583608896,1.0
carl theodor dreyer,6.7401802502755634,1.0
marianna palka,6.473513583608896,1.0
ricki stern,6.673513583608897,1.0
nadia tass,6.590180250275563,1.0
james kerwin,6.290180250275562,1.0
c. fraser press,6.50684691694223,1.0
rania attieh,6.440180250275563,1.0
sharon greytak,6.7401802502755634,1.0
majid majidi,6.80684691694223,1.0
andrew haigh,6.673513583608897,1.0
cary bell,6.840180250275563,1.0
nicolae constantin tanase,6.473513583608896,1.0
melvin van peebles,6.30684691694223,1.0
ken roht,6.55684691694223,1.0
robinson devor,6.606846916942229,1.0
michel orion scott,6.623513583608896,1.0
pat holden,6.290180250275562,1.0
eric bugbee,6.5735135836088965,1.0
bill melendez,6.790180250275562,1.0
dena seidel,6.55684691694223,1.0
deborah anderson,6.273513583608896,1.0
sara newens,6.5735135836088965,1.0
sai varadan,6.590180250275563,1.0
amal al-agroobi,6.75684691694223,1.0
andrew berends,6.4901802502755634,1.0
lynn shelton,6.50684691694223,1.0
valentine,6.2401802502755634,1.0
david hewlett,6.55684691694223,1.0
nate parker,6.290180250275562,1.0
nathan smith jones,6.340180250275563,1.0
travis cluff,6.090180250275563,1.0
harry f. millarde,6.190180250275563,1.0
robert townsend,6.55684691694223,1.0
jamaa fanaka,6.356846916942229,1.0
larry blamire,6.55684691694223,1.0
stephen langford,5.923513583608897,1.0
e.l. katz,6.523513583608896,1.0
lisanne pajot,6.673513583608897,1.0
dan reed,6.3235135836088965,1.0
john reinhardt,6.5735135836088965,1.0
patrick ryan sims,5.9901802502755634,1.0
laslo benedek,6.523513583608896,1.0
jason miller,6.6568469169422295,1.0
sut jhally,6.773513583608896,1.0
julie davis,6.290180250275562,1.0
myles berkowitz,6.273513583608896,1.0
brett piper,6.140180250275563,1.0
brandon trost,6.3235135836088965,1.0
joseph green,6.0735135836088965,1.0
wade gasque,6.523513583608896,1.0
daniel schechter,6.440180250275563,1.0
matt johnson,6.50684691694223,1.0
bruno barreto,6.456846916942229,1.0
lena dunham,6.440180250275563,1.0
terron r. parsons,5.956846916942229,1.0
daniel mellitz,6.173513583608897,1.0
jem cohen,6.390180250275563,1.0
andrew leman,6.606846916942229,1.0
dave carroll,6.706846916942229,1.0
william eubank,6.4068469169422295,1.0
patrick meaney,6.623513583608896,1.0
chad hartigan,6.4901802502755634,1.0
malcolm goodwin,6.30684691694223,1.0
kevin jordan,6.6568469169422295,1.0
kirk loudon,6.223513583608896,1.0
travis legge,5.548725928807626,2.0
collin joseph neal,6.00684691694223,1.0
bradley rust gray,6.440180250275563,1.0
mike bruce,6.0735135836088965,1.0
andrew bujalski,6.520154500236196,2.0
damir catic,6.290180250275562,1.0
james bidgood,6.50684691694223,1.0
eric eason,6.55684691694223,1.0
joseph mazzella,6.190180250275563,1.0
marcus nispel,6.1568469169422295,1.0
brandon landers,5.890180250275563,1.0
jim chuchu,6.623513583608896,1.0
daryl wein,6.423513583608897,1.0
jason trost,6.05684691694223,1.0
jafar panahi,6.640180250275563,1.0
ivan kavanagh,6.50684691694223,1.0
kiyoshi kurosawa,6.623513583608896,1.0
tadeo garcia,6.4068469169422295,1.0
thomas l. phillips,6.290180250275562,1.0
ash baron-cohen,6.456846916942229,1.0
shane carruth,6.55684691694223,1.0
neill dela llana,6.440180250275563,1.0
anthony vallone,6.690180250275563,1.0
scott smith,6.673513583608897,1.0
benjamin roberds,6.440180250275563,1.0
daniel hsia,6.440180250275563,1.0
greta gerwig,6.677297357379054,2.0
jordan peele,6.690180250275563,1.0
taika waititi,6.792635187706672,3.0
jon watts,6.917635187706672,3.0
andy muschietti,6.620154500236197,2.0
james franco,6.623513583608896,1.0
chris mckay,6.606846916942229,1.0
jordan vogt-roberts,6.4901802502755634,1.0
david leitch,6.726786833517043,4.0
john krasinski,6.720154500236197,2.0
steven caple jr.,6.5735135836088965,1.0
bo burnham,6.623513583608896,1.0
corin hardy,6.273513583608896,1.0
travis knight,6.50684691694223,1.0
bradley cooper,6.6568469169422295,1.0
john m. chu,6.540180250275562,1.0
adam robitel,6.456846916942229,1.0
josh cooley,6.673513583608897,1.0
jing wu,6.390180250275563,1.0
destin daniel cretton,6.623513583608896,1.0
chloé zhao,6.70456461129482,4.0
daniel kwan,6.723513583608896,1.0
adam wingard,6.523513583608896,1.0
chad stahelski,6.867635187706672,3.0
chris renaud,6.456846916942229,1.0
jeff fowler,6.473513583608896,1.0
olivia wilde,6.5344402145219105,2.0
emerald fennell,6.640180250275563,1.0
lee isaac chung,6.640180250275563,1.0
florian zeller,6.773513583608896,1.0
shaka king,6.623513583608896,1.0
aaron sorkin,6.623513583608896,1.0
sean baker,6.6568469169422295,1.0
michael showalter,6.634440214521911,2.0
michael gracey,6.640180250275563,1.0
michael rianda,6.6568469169422295,1.0
enrico casarosa,6.623513583608896,1.0
michael b. jordan,6.5735135836088965,1.0
edward berger,6.690180250275563,1.0
sam hargrave,6.50684691694223,1.0
bong joon-ho,7.0156757224059305,4.0
park chan-wook,6.99464377287758,6.0
brian fee,6.50684691694223,1.0
domee shi,6.55684691694223,1.0
angus maclane,6.4068469169422295,1.0
cate shortland,6.4901802502755634,1.0
nia dacosta,6.30684691694223,1.0
julius onah,6.3235135836088965,1.0
